{
	"BUILD_DIR" : "F:/CODE/GIThub/C_plus_plus/ConvertNumber/cmake-build-release-visual-studio/ConvertNumber_autogen",
	"CMAKE_BINARY_DIR" : "F:/CODE/GIThub/C_plus_plus/ConvertNumber/cmake-build-release-visual-studio",
	"CMAKE_CURRENT_BINARY_DIR" : "F:/CODE/GIThub/C_plus_plus/ConvertNumber/cmake-build-release-visual-studio",
	"CMAKE_CURRENT_SOURCE_DIR" : "F:/CODE/GIThub/C_plus_plus/ConvertNumber",
	"CMAKE_EXECUTABLE" : "F:/Jetbrain/CLion/bin/cmake/win/x64/bin/cmake.exe",
	"CMAKE_LIST_FILES" : 
	[
		"F:/CODE/GIThub/C_plus_plus/ConvertNumber/CMakeLists.txt",
		"F:/Jetbrain/CLion/bin/cmake/win/x64/share/cmake-3.28/Modules/CMakeDetermineSystem.cmake",
		"F:/Jetbrain/CLion/bin/cmake/win/x64/share/cmake-3.28/Modules/CMakeSystem.cmake.in",
		"F:/CODE/GIThub/C_plus_plus/ConvertNumber/cmake-build-release-visual-studio/CMakeFiles/3.28.1/CMakeSystem.cmake",
		"F:/Jetbrain/CLion/bin/cmake/win/x64/share/cmake-3.28/Modules/CMakeSystemSpecificInitialize.cmake",
		"F:/Jetbrain/CLion/bin/cmake/win/x64/share/cmake-3.28/Modules/Platform/Windows-Initialize.cmake",
		"F:/Jetbrain/CLion/bin/cmake/win/x64/share/cmake-3.28/Modules/CMakeDetermineCCompiler.cmake",
		"F:/Jetbrain/CLion/bin/cmake/win/x64/share/cmake-3.28/Modules/CMakeDetermineCompiler.cmake",
		"F:/Jetbrain/CLion/bin/cmake/win/x64/share/cmake-3.28/Modules/CMakeDetermineCompilerId.cmake",
		"F:/Jetbrain/CLion/bin/cmake/win/x64/share/cmake-3.28/Modules/CMakeCompilerIdDetection.cmake",
		"F:/Jetbrain/CLion/bin/cmake/win/x64/share/cmake-3.28/Modules/Compiler/ADSP-DetermineCompiler.cmake",
		"F:/Jetbrain/CLion/bin/cmake/win/x64/share/cmake-3.28/Modules/Compiler/ARMCC-DetermineCompiler.cmake",
		"F:/Jetbrain/CLion/bin/cmake/win/x64/share/cmake-3.28/Modules/Compiler/ARMClang-DetermineCompiler.cmake",
		"F:/Jetbrain/CLion/bin/cmake/win/x64/share/cmake-3.28/Modules/Compiler/AppleClang-DetermineCompiler.cmake",
		"F:/Jetbrain/CLion/bin/cmake/win/x64/share/cmake-3.28/Modules/Compiler/Clang-DetermineCompilerInternal.cmake",
		"F:/Jetbrain/CLion/bin/cmake/win/x64/share/cmake-3.28/Modules/Compiler/Borland-DetermineCompiler.cmake",
		"F:/Jetbrain/CLion/bin/cmake/win/x64/share/cmake-3.28/Modules/Compiler/Bruce-C-DetermineCompiler.cmake",
		"F:/Jetbrain/CLion/bin/cmake/win/x64/share/cmake-3.28/Modules/Compiler/Clang-DetermineCompiler.cmake",
		"F:/Jetbrain/CLion/bin/cmake/win/x64/share/cmake-3.28/Modules/Compiler/Clang-DetermineCompilerInternal.cmake",
		"F:/Jetbrain/CLion/bin/cmake/win/x64/share/cmake-3.28/Modules/Compiler/Compaq-C-DetermineCompiler.cmake",
		"F:/Jetbrain/CLion/bin/cmake/win/x64/share/cmake-3.28/Modules/Compiler/Cray-DetermineCompiler.cmake",
		"F:/Jetbrain/CLion/bin/cmake/win/x64/share/cmake-3.28/Modules/Compiler/CrayClang-DetermineCompiler.cmake",
		"F:/Jetbrain/CLion/bin/cmake/win/x64/share/cmake-3.28/Modules/Compiler/Embarcadero-DetermineCompiler.cmake",
		"F:/Jetbrain/CLion/bin/cmake/win/x64/share/cmake-3.28/Modules/Compiler/Fujitsu-DetermineCompiler.cmake",
		"F:/Jetbrain/CLion/bin/cmake/win/x64/share/cmake-3.28/Modules/Compiler/FujitsuClang-DetermineCompiler.cmake",
		"F:/Jetbrain/CLion/bin/cmake/win/x64/share/cmake-3.28/Modules/Compiler/GHS-DetermineCompiler.cmake",
		"F:/Jetbrain/CLion/bin/cmake/win/x64/share/cmake-3.28/Modules/Compiler/GNU-C-DetermineCompiler.cmake",
		"F:/Jetbrain/CLion/bin/cmake/win/x64/share/cmake-3.28/Modules/Compiler/HP-C-DetermineCompiler.cmake",
		"F:/Jetbrain/CLion/bin/cmake/win/x64/share/cmake-3.28/Modules/Compiler/IAR-DetermineCompiler.cmake",
		"F:/Jetbrain/CLion/bin/cmake/win/x64/share/cmake-3.28/Modules/Compiler/IBMClang-C-DetermineCompiler.cmake",
		"F:/Jetbrain/CLion/bin/cmake/win/x64/share/cmake-3.28/Modules/Compiler/Intel-DetermineCompiler.cmake",
		"F:/Jetbrain/CLion/bin/cmake/win/x64/share/cmake-3.28/Modules/Compiler/IntelLLVM-DetermineCompiler.cmake",
		"F:/Jetbrain/CLion/bin/cmake/win/x64/share/cmake-3.28/Modules/Compiler/LCC-C-DetermineCompiler.cmake",
		"F:/Jetbrain/CLion/bin/cmake/win/x64/share/cmake-3.28/Modules/Compiler/MSVC-DetermineCompiler.cmake",
		"F:/Jetbrain/CLion/bin/cmake/win/x64/share/cmake-3.28/Modules/Compiler/NVHPC-DetermineCompiler.cmake",
		"F:/Jetbrain/CLion/bin/cmake/win/x64/share/cmake-3.28/Modules/Compiler/NVIDIA-DetermineCompiler.cmake",
		"F:/Jetbrain/CLion/bin/cmake/win/x64/share/cmake-3.28/Modules/Compiler/OpenWatcom-DetermineCompiler.cmake",
		"F:/Jetbrain/CLion/bin/cmake/win/x64/share/cmake-3.28/Modules/Compiler/OrangeC-DetermineCompiler.cmake",
		"F:/Jetbrain/CLion/bin/cmake/win/x64/share/cmake-3.28/Modules/Compiler/PGI-DetermineCompiler.cmake",
		"F:/Jetbrain/CLion/bin/cmake/win/x64/share/cmake-3.28/Modules/Compiler/PathScale-DetermineCompiler.cmake",
		"F:/Jetbrain/CLion/bin/cmake/win/x64/share/cmake-3.28/Modules/Compiler/SCO-DetermineCompiler.cmake",
		"F:/Jetbrain/CLion/bin/cmake/win/x64/share/cmake-3.28/Modules/Compiler/SDCC-C-DetermineCompiler.cmake",
		"F:/Jetbrain/CLion/bin/cmake/win/x64/share/cmake-3.28/Modules/Compiler/SunPro-C-DetermineCompiler.cmake",
		"F:/Jetbrain/CLion/bin/cmake/win/x64/share/cmake-3.28/Modules/Compiler/TI-DetermineCompiler.cmake",
		"F:/Jetbrain/CLion/bin/cmake/win/x64/share/cmake-3.28/Modules/Compiler/Tasking-DetermineCompiler.cmake",
		"F:/Jetbrain/CLion/bin/cmake/win/x64/share/cmake-3.28/Modules/Compiler/TinyCC-C-DetermineCompiler.cmake",
		"F:/Jetbrain/CLion/bin/cmake/win/x64/share/cmake-3.28/Modules/Compiler/VisualAge-C-DetermineCompiler.cmake",
		"F:/Jetbrain/CLion/bin/cmake/win/x64/share/cmake-3.28/Modules/Compiler/IBMCPP-C-DetermineVersionInternal.cmake",
		"F:/Jetbrain/CLion/bin/cmake/win/x64/share/cmake-3.28/Modules/Compiler/Watcom-DetermineCompiler.cmake",
		"F:/Jetbrain/CLion/bin/cmake/win/x64/share/cmake-3.28/Modules/Compiler/XL-C-DetermineCompiler.cmake",
		"F:/Jetbrain/CLion/bin/cmake/win/x64/share/cmake-3.28/Modules/Compiler/IBMCPP-C-DetermineVersionInternal.cmake",
		"F:/Jetbrain/CLion/bin/cmake/win/x64/share/cmake-3.28/Modules/Compiler/XLClang-C-DetermineCompiler.cmake",
		"F:/Jetbrain/CLion/bin/cmake/win/x64/share/cmake-3.28/Modules/Compiler/zOS-C-DetermineCompiler.cmake",
		"F:/Jetbrain/CLion/bin/cmake/win/x64/share/cmake-3.28/Modules/Compiler/IBMCPP-C-DetermineVersionInternal.cmake",
		"F:/Jetbrain/CLion/bin/cmake/win/x64/share/cmake-3.28/Modules/CMakeFindBinUtils.cmake",
		"F:/Jetbrain/CLion/bin/cmake/win/x64/share/cmake-3.28/Modules/CMakeCCompiler.cmake.in",
		"F:/CODE/GIThub/C_plus_plus/ConvertNumber/cmake-build-release-visual-studio/CMakeFiles/3.28.1/CMakeCCompiler.cmake",
		"F:/Jetbrain/CLion/bin/cmake/win/x64/share/cmake-3.28/Modules/CMakeDetermineCXXCompiler.cmake",
		"F:/Jetbrain/CLion/bin/cmake/win/x64/share/cmake-3.28/Modules/CMakeDetermineCompiler.cmake",
		"F:/Jetbrain/CLion/bin/cmake/win/x64/share/cmake-3.28/Modules/Platform/Windows-Determine-CXX.cmake",
		"F:/Jetbrain/CLion/bin/cmake/win/x64/share/cmake-3.28/Modules/CMakeDetermineCompilerId.cmake",
		"F:/Jetbrain/CLion/bin/cmake/win/x64/share/cmake-3.28/Modules/CMakeCompilerIdDetection.cmake",
		"F:/Jetbrain/CLion/bin/cmake/win/x64/share/cmake-3.28/Modules/Compiler/ADSP-DetermineCompiler.cmake",
		"F:/Jetbrain/CLion/bin/cmake/win/x64/share/cmake-3.28/Modules/Compiler/ARMCC-DetermineCompiler.cmake",
		"F:/Jetbrain/CLion/bin/cmake/win/x64/share/cmake-3.28/Modules/Compiler/ARMClang-DetermineCompiler.cmake",
		"F:/Jetbrain/CLion/bin/cmake/win/x64/share/cmake-3.28/Modules/Compiler/AppleClang-DetermineCompiler.cmake",
		"F:/Jetbrain/CLion/bin/cmake/win/x64/share/cmake-3.28/Modules/Compiler/Clang-DetermineCompilerInternal.cmake",
		"F:/Jetbrain/CLion/bin/cmake/win/x64/share/cmake-3.28/Modules/Compiler/Borland-DetermineCompiler.cmake",
		"F:/Jetbrain/CLion/bin/cmake/win/x64/share/cmake-3.28/Modules/Compiler/Clang-DetermineCompiler.cmake",
		"F:/Jetbrain/CLion/bin/cmake/win/x64/share/cmake-3.28/Modules/Compiler/Clang-DetermineCompilerInternal.cmake",
		"F:/Jetbrain/CLion/bin/cmake/win/x64/share/cmake-3.28/Modules/Compiler/Comeau-CXX-DetermineCompiler.cmake",
		"F:/Jetbrain/CLion/bin/cmake/win/x64/share/cmake-3.28/Modules/Compiler/Compaq-CXX-DetermineCompiler.cmake",
		"F:/Jetbrain/CLion/bin/cmake/win/x64/share/cmake-3.28/Modules/Compiler/Cray-DetermineCompiler.cmake",
		"F:/Jetbrain/CLion/bin/cmake/win/x64/share/cmake-3.28/Modules/Compiler/CrayClang-DetermineCompiler.cmake",
		"F:/Jetbrain/CLion/bin/cmake/win/x64/share/cmake-3.28/Modules/Compiler/Embarcadero-DetermineCompiler.cmake",
		"F:/Jetbrain/CLion/bin/cmake/win/x64/share/cmake-3.28/Modules/Compiler/Fujitsu-DetermineCompiler.cmake",
		"F:/Jetbrain/CLion/bin/cmake/win/x64/share/cmake-3.28/Modules/Compiler/FujitsuClang-DetermineCompiler.cmake",
		"F:/Jetbrain/CLion/bin/cmake/win/x64/share/cmake-3.28/Modules/Compiler/GHS-DetermineCompiler.cmake",
		"F:/Jetbrain/CLion/bin/cmake/win/x64/share/cmake-3.28/Modules/Compiler/GNU-CXX-DetermineCompiler.cmake",
		"F:/Jetbrain/CLion/bin/cmake/win/x64/share/cmake-3.28/Modules/Compiler/HP-CXX-DetermineCompiler.cmake",
		"F:/Jetbrain/CLion/bin/cmake/win/x64/share/cmake-3.28/Modules/Compiler/IAR-DetermineCompiler.cmake",
		"F:/Jetbrain/CLion/bin/cmake/win/x64/share/cmake-3.28/Modules/Compiler/IBMClang-CXX-DetermineCompiler.cmake",
		"F:/Jetbrain/CLion/bin/cmake/win/x64/share/cmake-3.28/Modules/Compiler/Intel-DetermineCompiler.cmake",
		"F:/Jetbrain/CLion/bin/cmake/win/x64/share/cmake-3.28/Modules/Compiler/IntelLLVM-DetermineCompiler.cmake",
		"F:/Jetbrain/CLion/bin/cmake/win/x64/share/cmake-3.28/Modules/Compiler/LCC-CXX-DetermineCompiler.cmake",
		"F:/Jetbrain/CLion/bin/cmake/win/x64/share/cmake-3.28/Modules/Compiler/MSVC-DetermineCompiler.cmake",
		"F:/Jetbrain/CLion/bin/cmake/win/x64/share/cmake-3.28/Modules/Compiler/NVHPC-DetermineCompiler.cmake",
		"F:/Jetbrain/CLion/bin/cmake/win/x64/share/cmake-3.28/Modules/Compiler/NVIDIA-DetermineCompiler.cmake",
		"F:/Jetbrain/CLion/bin/cmake/win/x64/share/cmake-3.28/Modules/Compiler/OpenWatcom-DetermineCompiler.cmake",
		"F:/Jetbrain/CLion/bin/cmake/win/x64/share/cmake-3.28/Modules/Compiler/OrangeC-DetermineCompiler.cmake",
		"F:/Jetbrain/CLion/bin/cmake/win/x64/share/cmake-3.28/Modules/Compiler/PGI-DetermineCompiler.cmake",
		"F:/Jetbrain/CLion/bin/cmake/win/x64/share/cmake-3.28/Modules/Compiler/PathScale-DetermineCompiler.cmake",
		"F:/Jetbrain/CLion/bin/cmake/win/x64/share/cmake-3.28/Modules/Compiler/SCO-DetermineCompiler.cmake",
		"F:/Jetbrain/CLion/bin/cmake/win/x64/share/cmake-3.28/Modules/Compiler/SunPro-CXX-DetermineCompiler.cmake",
		"F:/Jetbrain/CLion/bin/cmake/win/x64/share/cmake-3.28/Modules/Compiler/TI-DetermineCompiler.cmake",
		"F:/Jetbrain/CLion/bin/cmake/win/x64/share/cmake-3.28/Modules/Compiler/Tasking-DetermineCompiler.cmake",
		"F:/Jetbrain/CLion/bin/cmake/win/x64/share/cmake-3.28/Modules/Compiler/VisualAge-CXX-DetermineCompiler.cmake",
		"F:/Jetbrain/CLion/bin/cmake/win/x64/share/cmake-3.28/Modules/Compiler/IBMCPP-CXX-DetermineVersionInternal.cmake",
		"F:/Jetbrain/CLion/bin/cmake/win/x64/share/cmake-3.28/Modules/Compiler/Watcom-DetermineCompiler.cmake",
		"F:/Jetbrain/CLion/bin/cmake/win/x64/share/cmake-3.28/Modules/Compiler/XL-CXX-DetermineCompiler.cmake",
		"F:/Jetbrain/CLion/bin/cmake/win/x64/share/cmake-3.28/Modules/Compiler/IBMCPP-CXX-DetermineVersionInternal.cmake",
		"F:/Jetbrain/CLion/bin/cmake/win/x64/share/cmake-3.28/Modules/Compiler/XLClang-CXX-DetermineCompiler.cmake",
		"F:/Jetbrain/CLion/bin/cmake/win/x64/share/cmake-3.28/Modules/Compiler/zOS-CXX-DetermineCompiler.cmake",
		"F:/Jetbrain/CLion/bin/cmake/win/x64/share/cmake-3.28/Modules/Compiler/IBMCPP-CXX-DetermineVersionInternal.cmake",
		"F:/Jetbrain/CLion/bin/cmake/win/x64/share/cmake-3.28/Modules/CMakeFindBinUtils.cmake",
		"F:/Jetbrain/CLion/bin/cmake/win/x64/share/cmake-3.28/Modules/CMakeCXXCompiler.cmake.in",
		"F:/CODE/GIThub/C_plus_plus/ConvertNumber/cmake-build-release-visual-studio/CMakeFiles/3.28.1/CMakeCXXCompiler.cmake",
		"F:/Jetbrain/CLion/bin/cmake/win/x64/share/cmake-3.28/Modules/CMakeSystemSpecificInformation.cmake",
		"F:/Jetbrain/CLion/bin/cmake/win/x64/share/cmake-3.28/Modules/CMakeGenericSystem.cmake",
		"F:/Jetbrain/CLion/bin/cmake/win/x64/share/cmake-3.28/Modules/CMakeInitializeConfigs.cmake",
		"F:/Jetbrain/CLion/bin/cmake/win/x64/share/cmake-3.28/Modules/Platform/Windows.cmake",
		"F:/Jetbrain/CLion/bin/cmake/win/x64/share/cmake-3.28/Modules/Platform/WindowsPaths.cmake",
		"F:/Jetbrain/CLion/bin/cmake/win/x64/share/cmake-3.28/Modules/CMakeCInformation.cmake",
		"F:/Jetbrain/CLion/bin/cmake/win/x64/share/cmake-3.28/Modules/CMakeLanguageInformation.cmake",
		"F:/Jetbrain/CLion/bin/cmake/win/x64/share/cmake-3.28/Modules/Compiler/MSVC-C.cmake",
		"F:/Jetbrain/CLion/bin/cmake/win/x64/share/cmake-3.28/Modules/Compiler/MSVC.cmake",
		"F:/Jetbrain/CLion/bin/cmake/win/x64/share/cmake-3.28/Modules/Compiler/CMakeCommonCompilerMacros.cmake",
		"F:/Jetbrain/CLion/bin/cmake/win/x64/share/cmake-3.28/Modules/Platform/Windows-MSVC-C.cmake",
		"F:/Jetbrain/CLion/bin/cmake/win/x64/share/cmake-3.28/Modules/Platform/Windows-MSVC.cmake",
		"F:/Jetbrain/CLion/bin/cmake/win/x64/share/cmake-3.28/Modules/CMakeDetermineRCCompiler.cmake",
		"F:/Jetbrain/CLion/bin/cmake/win/x64/share/cmake-3.28/Modules/CMakeRCCompiler.cmake.in",
		"F:/CODE/GIThub/C_plus_plus/ConvertNumber/cmake-build-release-visual-studio/CMakeFiles/3.28.1/CMakeRCCompiler.cmake",
		"F:/Jetbrain/CLion/bin/cmake/win/x64/share/cmake-3.28/Modules/CMakeRCInformation.cmake",
		"F:/Jetbrain/CLion/bin/cmake/win/x64/share/cmake-3.28/Modules/CMakeTestRCCompiler.cmake",
		"F:/Jetbrain/CLion/bin/cmake/win/x64/share/cmake-3.28/Modules/CMakeCommonLanguageInclude.cmake",
		"F:/Jetbrain/CLion/bin/cmake/win/x64/share/cmake-3.28/Modules/CMakeTestCCompiler.cmake",
		"F:/Jetbrain/CLion/bin/cmake/win/x64/share/cmake-3.28/Modules/CMakeTestCompilerCommon.cmake",
		"F:/Jetbrain/CLion/bin/cmake/win/x64/share/cmake-3.28/Modules/CMakeDetermineCompilerABI.cmake",
		"F:/Jetbrain/CLion/bin/cmake/win/x64/share/cmake-3.28/Modules/CMakeParseImplicitIncludeInfo.cmake",
		"F:/Jetbrain/CLion/bin/cmake/win/x64/share/cmake-3.28/Modules/CMakeParseImplicitLinkInfo.cmake",
		"F:/Jetbrain/CLion/bin/cmake/win/x64/share/cmake-3.28/Modules/CMakeParseLibraryArchitecture.cmake",
		"F:/Jetbrain/CLion/bin/cmake/win/x64/share/cmake-3.28/Modules/CMakeTestCompilerCommon.cmake",
		"F:/Jetbrain/CLion/bin/cmake/win/x64/share/cmake-3.28/Modules/CMakeCCompilerABI.c",
		"F:/Jetbrain/CLion/bin/cmake/win/x64/share/cmake-3.28/Modules/CMakeDetermineCompileFeatures.cmake",
		"F:/Jetbrain/CLion/bin/cmake/win/x64/share/cmake-3.28/Modules/Internal/FeatureTesting.cmake",
		"F:/Jetbrain/CLion/bin/cmake/win/x64/share/cmake-3.28/Modules/CMakeCCompiler.cmake.in",
		"F:/CODE/GIThub/C_plus_plus/ConvertNumber/cmake-build-release-visual-studio/CMakeFiles/3.28.1/CMakeCCompiler.cmake",
		"F:/Jetbrain/CLion/bin/cmake/win/x64/share/cmake-3.28/Modules/CMakeCXXInformation.cmake",
		"F:/Jetbrain/CLion/bin/cmake/win/x64/share/cmake-3.28/Modules/CMakeLanguageInformation.cmake",
		"F:/Jetbrain/CLion/bin/cmake/win/x64/share/cmake-3.28/Modules/Compiler/MSVC-CXX.cmake",
		"F:/Jetbrain/CLion/bin/cmake/win/x64/share/cmake-3.28/Modules/Compiler/MSVC.cmake",
		"F:/Jetbrain/CLion/bin/cmake/win/x64/share/cmake-3.28/Modules/Compiler/CMakeCommonCompilerMacros.cmake",
		"F:/Jetbrain/CLion/bin/cmake/win/x64/share/cmake-3.28/Modules/Platform/Windows-MSVC-CXX.cmake",
		"F:/Jetbrain/CLion/bin/cmake/win/x64/share/cmake-3.28/Modules/Platform/Windows-MSVC.cmake",
		"F:/Jetbrain/CLion/bin/cmake/win/x64/share/cmake-3.28/Modules/CMakeCommonLanguageInclude.cmake",
		"F:/Jetbrain/CLion/bin/cmake/win/x64/share/cmake-3.28/Modules/CMakeTestCXXCompiler.cmake",
		"F:/Jetbrain/CLion/bin/cmake/win/x64/share/cmake-3.28/Modules/CMakeTestCompilerCommon.cmake",
		"F:/Jetbrain/CLion/bin/cmake/win/x64/share/cmake-3.28/Modules/CMakeDetermineCompilerABI.cmake",
		"F:/Jetbrain/CLion/bin/cmake/win/x64/share/cmake-3.28/Modules/CMakeParseImplicitIncludeInfo.cmake",
		"F:/Jetbrain/CLion/bin/cmake/win/x64/share/cmake-3.28/Modules/CMakeParseImplicitLinkInfo.cmake",
		"F:/Jetbrain/CLion/bin/cmake/win/x64/share/cmake-3.28/Modules/CMakeParseLibraryArchitecture.cmake",
		"F:/Jetbrain/CLion/bin/cmake/win/x64/share/cmake-3.28/Modules/CMakeTestCompilerCommon.cmake",
		"F:/Jetbrain/CLion/bin/cmake/win/x64/share/cmake-3.28/Modules/CMakeCXXCompilerABI.cpp",
		"F:/Jetbrain/CLion/bin/cmake/win/x64/share/cmake-3.28/Modules/CMakeDetermineCompileFeatures.cmake",
		"F:/Jetbrain/CLion/bin/cmake/win/x64/share/cmake-3.28/Modules/Internal/FeatureTesting.cmake",
		"F:/Jetbrain/CLion/bin/cmake/win/x64/share/cmake-3.28/Modules/CMakeCXXCompiler.cmake.in",
		"F:/CODE/GIThub/C_plus_plus/ConvertNumber/cmake-build-release-visual-studio/CMakeFiles/3.28.1/CMakeCXXCompiler.cmake",
		"F:/DevelopmentKitQT_MSVC/6.7.1/msvc2019_64/lib/cmake/Qt6/Qt6ConfigVersion.cmake",
		"F:/DevelopmentKitQT_MSVC/6.7.1/msvc2019_64/lib/cmake/Qt6/Qt6ConfigVersionImpl.cmake",
		"F:/DevelopmentKitQT_MSVC/6.7.1/msvc2019_64/lib/cmake/Qt6/Qt6Config.cmake",
		"F:/DevelopmentKitQT_MSVC/6.7.1/msvc2019_64/lib/cmake/Qt6/Qt6ConfigExtras.cmake",
		"F:/DevelopmentKitQT_MSVC/6.7.1/msvc2019_64/lib/cmake/Qt6/QtPublicCMakeVersionHelpers.cmake",
		"F:/DevelopmentKitQT_MSVC/6.7.1/msvc2019_64/lib/cmake/Qt6/Qt6Targets.cmake",
		"F:/DevelopmentKitQT_MSVC/6.7.1/msvc2019_64/lib/cmake/Qt6/Qt6VersionlessTargets.cmake",
		"F:/DevelopmentKitQT_MSVC/6.7.1/msvc2019_64/lib/cmake/Qt6/QtFeature.cmake",
		"F:/Jetbrain/CLion/bin/cmake/win/x64/share/cmake-3.28/Modules/CheckCXXCompilerFlag.cmake",
		"F:/Jetbrain/CLion/bin/cmake/win/x64/share/cmake-3.28/Modules/Internal/CheckCompilerFlag.cmake",
		"F:/Jetbrain/CLion/bin/cmake/win/x64/share/cmake-3.28/Modules/Internal/CheckFlagCommonConfig.cmake",
		"F:/Jetbrain/CLion/bin/cmake/win/x64/share/cmake-3.28/Modules/Internal/CheckSourceCompiles.cmake",
		"F:/Jetbrain/CLion/bin/cmake/win/x64/share/cmake-3.28/Modules/CMakeCheckCompilerFlagCommonPatterns.cmake",
		"F:/Jetbrain/CLion/bin/cmake/win/x64/share/cmake-3.28/Modules/CheckCXXSourceCompiles.cmake",
		"F:/Jetbrain/CLion/bin/cmake/win/x64/share/cmake-3.28/Modules/Internal/CheckSourceCompiles.cmake",
		"F:/DevelopmentKitQT_MSVC/6.7.1/msvc2019_64/lib/cmake/Qt6/QtFeatureCommon.cmake",
		"F:/DevelopmentKitQT_MSVC/6.7.1/msvc2019_64/lib/cmake/Qt6/QtPublicAppleHelpers.cmake",
		"F:/DevelopmentKitQT_MSVC/6.7.1/msvc2019_64/lib/cmake/Qt6/QtPublicCMakeHelpers.cmake",
		"F:/DevelopmentKitQT_MSVC/6.7.1/msvc2019_64/lib/cmake/Qt6/QtPublicCMakeVersionHelpers.cmake",
		"F:/DevelopmentKitQT_MSVC/6.7.1/msvc2019_64/lib/cmake/Qt6/QtPublicDependencyHelpers.cmake",
		"F:/DevelopmentKitQT_MSVC/6.7.1/msvc2019_64/lib/cmake/Qt6/QtPublicExternalProjectHelpers.cmake",
		"F:/DevelopmentKitQT_MSVC/6.7.1/msvc2019_64/lib/cmake/Qt6/QtPublicFinalizerHelpers.cmake",
		"F:/DevelopmentKitQT_MSVC/6.7.1/msvc2019_64/lib/cmake/Qt6/QtPublicFindPackageHelpers.cmake",
		"F:/DevelopmentKitQT_MSVC/6.7.1/msvc2019_64/lib/cmake/Qt6/QtPublicPluginHelpers.cmake",
		"F:/DevelopmentKitQT_MSVC/6.7.1/msvc2019_64/lib/cmake/Qt6/QtPublicTargetHelpers.cmake",
		"F:/DevelopmentKitQT_MSVC/6.7.1/msvc2019_64/lib/cmake/Qt6/QtPublicTestHelpers.cmake",
		"F:/DevelopmentKitQT_MSVC/6.7.1/msvc2019_64/lib/cmake/Qt6/QtPublicToolHelpers.cmake",
		"F:/DevelopmentKitQT_MSVC/6.7.1/msvc2019_64/lib/cmake/Qt6/QtPublicWalkLibsHelpers.cmake",
		"F:/Jetbrain/CLion/bin/cmake/win/x64/share/cmake-3.28/Modules/CMakeFindDependencyMacro.cmake",
		"F:/DevelopmentKitQT_MSVC/6.7.1/msvc2019_64/lib/cmake/Qt6/Qt6Dependencies.cmake",
		"F:/Jetbrain/CLion/bin/cmake/win/x64/share/cmake-3.28/Modules/FindThreads.cmake",
		"F:/Jetbrain/CLion/bin/cmake/win/x64/share/cmake-3.28/Modules/CheckLibraryExists.cmake",
		"F:/Jetbrain/CLion/bin/cmake/win/x64/share/cmake-3.28/Modules/CheckIncludeFile.cmake",
		"F:/Jetbrain/CLion/bin/cmake/win/x64/share/cmake-3.28/Modules/CheckCSourceCompiles.cmake",
		"F:/Jetbrain/CLion/bin/cmake/win/x64/share/cmake-3.28/Modules/Internal/CheckSourceCompiles.cmake",
		"F:/Jetbrain/CLion/bin/cmake/win/x64/share/cmake-3.28/Modules/FindPackageHandleStandardArgs.cmake",
		"F:/Jetbrain/CLion/bin/cmake/win/x64/share/cmake-3.28/Modules/FindPackageMessage.cmake",
		"F:/DevelopmentKitQT_MSVC/6.7.1/msvc2019_64/lib/cmake/Qt6Core/Qt6CoreConfigVersion.cmake",
		"F:/DevelopmentKitQT_MSVC/6.7.1/msvc2019_64/lib/cmake/Qt6Core/Qt6CoreConfigVersionImpl.cmake",
		"F:/DevelopmentKitQT_MSVC/6.7.1/msvc2019_64/lib/cmake/Qt6Core/Qt6CoreConfig.cmake",
		"F:/Jetbrain/CLion/bin/cmake/win/x64/share/cmake-3.28/Modules/CMakeFindDependencyMacro.cmake",
		"F:/DevelopmentKitQT_MSVC/6.7.1/msvc2019_64/lib/cmake/Qt6Core/Qt6CoreDependencies.cmake",
		"F:/DevelopmentKitQT_MSVC/6.7.1/msvc2019_64/lib/cmake/Qt6/FindWrapAtomic.cmake",
		"F:/Jetbrain/CLion/bin/cmake/win/x64/share/cmake-3.28/Modules/CheckCXXSourceCompiles.cmake",
		"F:/Jetbrain/CLion/bin/cmake/win/x64/share/cmake-3.28/Modules/FindPackageHandleStandardArgs.cmake",
		"F:/Jetbrain/CLion/bin/cmake/win/x64/share/cmake-3.28/Modules/FindPackageMessage.cmake",
		"F:/DevelopmentKitQT_MSVC/6.7.1/msvc2019_64/lib/cmake/Qt6CoreTools/Qt6CoreToolsConfigVersion.cmake",
		"F:/DevelopmentKitQT_MSVC/6.7.1/msvc2019_64/lib/cmake/Qt6CoreTools/Qt6CoreToolsConfigVersionImpl.cmake",
		"F:/DevelopmentKitQT_MSVC/6.7.1/msvc2019_64/lib/cmake/Qt6CoreTools/Qt6CoreToolsConfig.cmake",
		"F:/Jetbrain/CLion/bin/cmake/win/x64/share/cmake-3.28/Modules/CMakeFindDependencyMacro.cmake",
		"F:/DevelopmentKitQT_MSVC/6.7.1/msvc2019_64/lib/cmake/Qt6CoreTools/Qt6CoreToolsDependencies.cmake",
		"F:/DevelopmentKitQT_MSVC/6.7.1/msvc2019_64/lib/cmake/Qt6CoreTools/Qt6CoreToolsTargets.cmake",
		"F:/DevelopmentKitQT_MSVC/6.7.1/msvc2019_64/lib/cmake/Qt6CoreTools/Qt6CoreToolsTargets-debug.cmake",
		"F:/DevelopmentKitQT_MSVC/6.7.1/msvc2019_64/lib/cmake/Qt6CoreTools/Qt6CoreToolsTargets-relwithdebinfo.cmake",
		"F:/DevelopmentKitQT_MSVC/6.7.1/msvc2019_64/lib/cmake/Qt6CoreTools/Qt6CoreToolsAdditionalTargetInfo.cmake",
		"F:/DevelopmentKitQT_MSVC/6.7.1/msvc2019_64/lib/cmake/Qt6CoreTools/Qt6CoreToolsVersionlessTargets.cmake",
		"F:/DevelopmentKitQT_MSVC/6.7.1/msvc2019_64/lib/cmake/Qt6ZlibPrivate/Qt6ZlibPrivateConfigVersion.cmake",
		"F:/DevelopmentKitQT_MSVC/6.7.1/msvc2019_64/lib/cmake/Qt6ZlibPrivate/Qt6ZlibPrivateConfigVersionImpl.cmake",
		"F:/DevelopmentKitQT_MSVC/6.7.1/msvc2019_64/lib/cmake/Qt6ZlibPrivate/Qt6ZlibPrivateConfig.cmake",
		"F:/Jetbrain/CLion/bin/cmake/win/x64/share/cmake-3.28/Modules/CMakeFindDependencyMacro.cmake",
		"F:/DevelopmentKitQT_MSVC/6.7.1/msvc2019_64/lib/cmake/Qt6ZlibPrivate/Qt6ZlibPrivateTargets.cmake",
		"F:/DevelopmentKitQT_MSVC/6.7.1/msvc2019_64/lib/cmake/Qt6ZlibPrivate/Qt6ZlibPrivateAdditionalTargetInfo.cmake",
		"F:/DevelopmentKitQT_MSVC/6.7.1/msvc2019_64/lib/cmake/Qt6ZlibPrivate/Qt6ZlibPrivateVersionlessTargets.cmake",
		"F:/DevelopmentKitQT_MSVC/6.7.1/msvc2019_64/lib/cmake/Qt6EntryPointPrivate/Qt6EntryPointPrivateConfigVersion.cmake",
		"F:/DevelopmentKitQT_MSVC/6.7.1/msvc2019_64/lib/cmake/Qt6EntryPointPrivate/Qt6EntryPointPrivateConfigVersionImpl.cmake",
		"F:/DevelopmentKitQT_MSVC/6.7.1/msvc2019_64/lib/cmake/Qt6EntryPointPrivate/Qt6EntryPointPrivateConfig.cmake",
		"F:/Jetbrain/CLion/bin/cmake/win/x64/share/cmake-3.28/Modules/CMakeFindDependencyMacro.cmake",
		"F:/DevelopmentKitQT_MSVC/6.7.1/msvc2019_64/lib/cmake/Qt6EntryPointPrivate/Qt6EntryPointPrivateTargets.cmake",
		"F:/DevelopmentKitQT_MSVC/6.7.1/msvc2019_64/lib/cmake/Qt6EntryPointPrivate/Qt6EntryPointPrivateTargets-debug.cmake",
		"F:/DevelopmentKitQT_MSVC/6.7.1/msvc2019_64/lib/cmake/Qt6EntryPointPrivate/Qt6EntryPointPrivateTargets-relwithdebinfo.cmake",
		"F:/DevelopmentKitQT_MSVC/6.7.1/msvc2019_64/lib/cmake/Qt6EntryPointPrivate/Qt6EntryPointPrivateAdditionalTargetInfo.cmake",
		"F:/DevelopmentKitQT_MSVC/6.7.1/msvc2019_64/lib/cmake/Qt6EntryPointPrivate/Qt6EntryPointPrivateVersionlessTargets.cmake",
		"F:/DevelopmentKitQT_MSVC/6.7.1/msvc2019_64/lib/cmake/Qt6Core/Qt6CoreTargets.cmake",
		"F:/DevelopmentKitQT_MSVC/6.7.1/msvc2019_64/lib/cmake/Qt6Core/Qt6CoreTargets-debug.cmake",
		"F:/DevelopmentKitQT_MSVC/6.7.1/msvc2019_64/lib/cmake/Qt6Core/Qt6CoreTargets-relwithdebinfo.cmake",
		"F:/DevelopmentKitQT_MSVC/6.7.1/msvc2019_64/lib/cmake/Qt6Core/Qt6CoreAdditionalTargetInfo.cmake",
		"F:/DevelopmentKitQT_MSVC/6.7.1/msvc2019_64/lib/cmake/Qt6Core/Qt6CoreVersionlessTargets.cmake",
		"F:/DevelopmentKitQT_MSVC/6.7.1/msvc2019_64/lib/cmake/Qt6Core/Qt6CoreMacros.cmake",
		"F:/DevelopmentKitQT_MSVC/6.7.1/msvc2019_64/lib/cmake/Qt6Core/Qt6CoreConfigExtras.cmake",
		"F:/DevelopmentKitQT_MSVC/6.7.1/msvc2019_64/lib/cmake/Qt6Core/QtInstallPaths.cmake",
		"F:/Jetbrain/CLion/bin/cmake/win/x64/share/cmake-3.28/Modules/GNUInstallDirs.cmake",
		"F:/DevelopmentKitQT_MSVC/6.7.1/msvc2019_64/lib/cmake/Qt6Gui/Qt6GuiConfigVersion.cmake",
		"F:/DevelopmentKitQT_MSVC/6.7.1/msvc2019_64/lib/cmake/Qt6Gui/Qt6GuiConfigVersionImpl.cmake",
		"F:/DevelopmentKitQT_MSVC/6.7.1/msvc2019_64/lib/cmake/Qt6Gui/Qt6GuiConfig.cmake",
		"F:/Jetbrain/CLion/bin/cmake/win/x64/share/cmake-3.28/Modules/CMakeFindDependencyMacro.cmake",
		"F:/DevelopmentKitQT_MSVC/6.7.1/msvc2019_64/lib/cmake/Qt6Gui/Qt6GuiDependencies.cmake",
		"F:/DevelopmentKitQT_MSVC/6.7.1/msvc2019_64/lib/cmake/Qt6/FindWrapVulkanHeaders.cmake",
		"F:/Jetbrain/CLion/bin/cmake/win/x64/share/cmake-3.28/Modules/FindVulkan.cmake",
		"F:/Jetbrain/CLion/bin/cmake/win/x64/share/cmake-3.28/Modules/FindPackageHandleStandardArgs.cmake",
		"F:/Jetbrain/CLion/bin/cmake/win/x64/share/cmake-3.28/Modules/FindPackageMessage.cmake",
		"F:/Jetbrain/CLion/bin/cmake/win/x64/share/cmake-3.28/Modules/FindPackageHandleStandardArgs.cmake",
		"F:/Jetbrain/CLion/bin/cmake/win/x64/share/cmake-3.28/Modules/FindPackageMessage.cmake",
		"F:/DevelopmentKitQT_MSVC/6.7.1/msvc2019_64/lib/cmake/Qt6GuiTools/Qt6GuiToolsConfigVersion.cmake",
		"F:/DevelopmentKitQT_MSVC/6.7.1/msvc2019_64/lib/cmake/Qt6GuiTools/Qt6GuiToolsConfigVersionImpl.cmake",
		"F:/DevelopmentKitQT_MSVC/6.7.1/msvc2019_64/lib/cmake/Qt6GuiTools/Qt6GuiToolsConfig.cmake",
		"F:/Jetbrain/CLion/bin/cmake/win/x64/share/cmake-3.28/Modules/CMakeFindDependencyMacro.cmake",
		"F:/DevelopmentKitQT_MSVC/6.7.1/msvc2019_64/lib/cmake/Qt6GuiTools/Qt6GuiToolsDependencies.cmake",
		"F:/DevelopmentKitQT_MSVC/6.7.1/msvc2019_64/lib/cmake/Qt6GuiTools/Qt6GuiToolsTargets.cmake",
		"F:/DevelopmentKitQT_MSVC/6.7.1/msvc2019_64/lib/cmake/Qt6GuiTools/Qt6GuiToolsTargets-debug.cmake",
		"F:/DevelopmentKitQT_MSVC/6.7.1/msvc2019_64/lib/cmake/Qt6GuiTools/Qt6GuiToolsTargets-relwithdebinfo.cmake",
		"F:/DevelopmentKitQT_MSVC/6.7.1/msvc2019_64/lib/cmake/Qt6GuiTools/Qt6GuiToolsAdditionalTargetInfo.cmake",
		"F:/DevelopmentKitQT_MSVC/6.7.1/msvc2019_64/lib/cmake/Qt6GuiTools/Qt6GuiToolsVersionlessTargets.cmake",
		"F:/DevelopmentKitQT_MSVC/6.7.1/msvc2019_64/lib/cmake/Qt6Gui/Qt6GuiTargets.cmake",
		"F:/DevelopmentKitQT_MSVC/6.7.1/msvc2019_64/lib/cmake/Qt6Gui/Qt6GuiTargets-debug.cmake",
		"F:/DevelopmentKitQT_MSVC/6.7.1/msvc2019_64/lib/cmake/Qt6Gui/Qt6GuiTargets-relwithdebinfo.cmake",
		"F:/DevelopmentKitQT_MSVC/6.7.1/msvc2019_64/lib/cmake/Qt6Gui/Qt6GuiAdditionalTargetInfo.cmake",
		"F:/DevelopmentKitQT_MSVC/6.7.1/msvc2019_64/lib/cmake/Qt6Gui/Qt6GuiVersionlessTargets.cmake",
		"F:/DevelopmentKitQT_MSVC/6.7.1/msvc2019_64/lib/cmake/Qt6Gui/Qt6GuiPlugins.cmake",
		"F:/DevelopmentKitQT_MSVC/6.7.1/msvc2019_64/lib/cmake/Qt6Gui/Qt6QGifPluginConfig.cmake",
		"F:/Jetbrain/CLion/bin/cmake/win/x64/share/cmake-3.28/Modules/CMakeFindDependencyMacro.cmake",
		"F:/DevelopmentKitQT_MSVC/6.7.1/msvc2019_64/lib/cmake/Qt6Gui/Qt6QGifPluginTargets.cmake",
		"F:/DevelopmentKitQT_MSVC/6.7.1/msvc2019_64/lib/cmake/Qt6Gui/Qt6QGifPluginTargets-debug.cmake",
		"F:/DevelopmentKitQT_MSVC/6.7.1/msvc2019_64/lib/cmake/Qt6Gui/Qt6QGifPluginTargets-relwithdebinfo.cmake",
		"F:/DevelopmentKitQT_MSVC/6.7.1/msvc2019_64/lib/cmake/Qt6Gui/Qt6QGifPluginAdditionalTargetInfo.cmake",
		"F:/DevelopmentKitQT_MSVC/6.7.1/msvc2019_64/lib/cmake/Qt6Gui/Qt6QICOPluginConfig.cmake",
		"F:/Jetbrain/CLion/bin/cmake/win/x64/share/cmake-3.28/Modules/CMakeFindDependencyMacro.cmake",
		"F:/DevelopmentKitQT_MSVC/6.7.1/msvc2019_64/lib/cmake/Qt6Gui/Qt6QICOPluginTargets.cmake",
		"F:/DevelopmentKitQT_MSVC/6.7.1/msvc2019_64/lib/cmake/Qt6Gui/Qt6QICOPluginTargets-debug.cmake",
		"F:/DevelopmentKitQT_MSVC/6.7.1/msvc2019_64/lib/cmake/Qt6Gui/Qt6QICOPluginTargets-relwithdebinfo.cmake",
		"F:/DevelopmentKitQT_MSVC/6.7.1/msvc2019_64/lib/cmake/Qt6Gui/Qt6QICOPluginAdditionalTargetInfo.cmake",
		"F:/DevelopmentKitQT_MSVC/6.7.1/msvc2019_64/lib/cmake/Qt6Gui/Qt6QJpegPluginConfig.cmake",
		"F:/Jetbrain/CLion/bin/cmake/win/x64/share/cmake-3.28/Modules/CMakeFindDependencyMacro.cmake",
		"F:/DevelopmentKitQT_MSVC/6.7.1/msvc2019_64/lib/cmake/Qt6Gui/Qt6QJpegPluginTargets.cmake",
		"F:/DevelopmentKitQT_MSVC/6.7.1/msvc2019_64/lib/cmake/Qt6Gui/Qt6QJpegPluginTargets-debug.cmake",
		"F:/DevelopmentKitQT_MSVC/6.7.1/msvc2019_64/lib/cmake/Qt6Gui/Qt6QJpegPluginTargets-relwithdebinfo.cmake",
		"F:/DevelopmentKitQT_MSVC/6.7.1/msvc2019_64/lib/cmake/Qt6Gui/Qt6QJpegPluginAdditionalTargetInfo.cmake",
		"F:/DevelopmentKitQT_MSVC/6.7.1/msvc2019_64/lib/cmake/Qt6Gui/Qt6QMinimalIntegrationPluginConfig.cmake",
		"F:/Jetbrain/CLion/bin/cmake/win/x64/share/cmake-3.28/Modules/CMakeFindDependencyMacro.cmake",
		"F:/DevelopmentKitQT_MSVC/6.7.1/msvc2019_64/lib/cmake/Qt6Gui/Qt6QMinimalIntegrationPluginTargets.cmake",
		"F:/DevelopmentKitQT_MSVC/6.7.1/msvc2019_64/lib/cmake/Qt6Gui/Qt6QMinimalIntegrationPluginTargets-debug.cmake",
		"F:/DevelopmentKitQT_MSVC/6.7.1/msvc2019_64/lib/cmake/Qt6Gui/Qt6QMinimalIntegrationPluginTargets-relwithdebinfo.cmake",
		"F:/DevelopmentKitQT_MSVC/6.7.1/msvc2019_64/lib/cmake/Qt6Gui/Qt6QMinimalIntegrationPluginAdditionalTargetInfo.cmake",
		"F:/DevelopmentKitQT_MSVC/6.7.1/msvc2019_64/lib/cmake/Qt6Gui/Qt6QOffscreenIntegrationPluginConfig.cmake",
		"F:/Jetbrain/CLion/bin/cmake/win/x64/share/cmake-3.28/Modules/CMakeFindDependencyMacro.cmake",
		"F:/DevelopmentKitQT_MSVC/6.7.1/msvc2019_64/lib/cmake/Qt6Gui/Qt6QOffscreenIntegrationPluginTargets.cmake",
		"F:/DevelopmentKitQT_MSVC/6.7.1/msvc2019_64/lib/cmake/Qt6Gui/Qt6QOffscreenIntegrationPluginTargets-debug.cmake",
		"F:/DevelopmentKitQT_MSVC/6.7.1/msvc2019_64/lib/cmake/Qt6Gui/Qt6QOffscreenIntegrationPluginTargets-relwithdebinfo.cmake",
		"F:/DevelopmentKitQT_MSVC/6.7.1/msvc2019_64/lib/cmake/Qt6Gui/Qt6QOffscreenIntegrationPluginAdditionalTargetInfo.cmake",
		"F:/DevelopmentKitQT_MSVC/6.7.1/msvc2019_64/lib/cmake/Qt6Gui/Qt6QSvgIconPluginConfig.cmake",
		"F:/Jetbrain/CLion/bin/cmake/win/x64/share/cmake-3.28/Modules/CMakeFindDependencyMacro.cmake",
		"F:/DevelopmentKitQT_MSVC/6.7.1/msvc2019_64/lib/cmake/Qt6Gui/Qt6QSvgIconPluginTargets.cmake",
		"F:/DevelopmentKitQT_MSVC/6.7.1/msvc2019_64/lib/cmake/Qt6Gui/Qt6QSvgIconPluginTargets-debug.cmake",
		"F:/DevelopmentKitQT_MSVC/6.7.1/msvc2019_64/lib/cmake/Qt6Gui/Qt6QSvgIconPluginTargets-relwithdebinfo.cmake",
		"F:/DevelopmentKitQT_MSVC/6.7.1/msvc2019_64/lib/cmake/Qt6Gui/Qt6QSvgIconPluginAdditionalTargetInfo.cmake",
		"F:/DevelopmentKitQT_MSVC/6.7.1/msvc2019_64/lib/cmake/Qt6Gui/Qt6QSvgPluginConfig.cmake",
		"F:/Jetbrain/CLion/bin/cmake/win/x64/share/cmake-3.28/Modules/CMakeFindDependencyMacro.cmake",
		"F:/DevelopmentKitQT_MSVC/6.7.1/msvc2019_64/lib/cmake/Qt6Gui/Qt6QSvgPluginTargets.cmake",
		"F:/DevelopmentKitQT_MSVC/6.7.1/msvc2019_64/lib/cmake/Qt6Gui/Qt6QSvgPluginTargets-debug.cmake",
		"F:/DevelopmentKitQT_MSVC/6.7.1/msvc2019_64/lib/cmake/Qt6Gui/Qt6QSvgPluginTargets-relwithdebinfo.cmake",
		"F:/DevelopmentKitQT_MSVC/6.7.1/msvc2019_64/lib/cmake/Qt6Gui/Qt6QSvgPluginAdditionalTargetInfo.cmake",
		"F:/DevelopmentKitQT_MSVC/6.7.1/msvc2019_64/lib/cmake/Qt6Gui/Qt6QTuioTouchPluginConfig.cmake",
		"F:/Jetbrain/CLion/bin/cmake/win/x64/share/cmake-3.28/Modules/CMakeFindDependencyMacro.cmake",
		"F:/DevelopmentKitQT_MSVC/6.7.1/msvc2019_64/lib/cmake/Qt6Gui/Qt6QTuioTouchPluginTargets.cmake",
		"F:/DevelopmentKitQT_MSVC/6.7.1/msvc2019_64/lib/cmake/Qt6Gui/Qt6QTuioTouchPluginTargets-debug.cmake",
		"F:/DevelopmentKitQT_MSVC/6.7.1/msvc2019_64/lib/cmake/Qt6Gui/Qt6QTuioTouchPluginTargets-relwithdebinfo.cmake",
		"F:/DevelopmentKitQT_MSVC/6.7.1/msvc2019_64/lib/cmake/Qt6Gui/Qt6QTuioTouchPluginAdditionalTargetInfo.cmake",
		"F:/DevelopmentKitQT_MSVC/6.7.1/msvc2019_64/lib/cmake/Qt6Gui/Qt6QWindowsDirect2DIntegrationPluginConfig.cmake",
		"F:/Jetbrain/CLion/bin/cmake/win/x64/share/cmake-3.28/Modules/CMakeFindDependencyMacro.cmake",
		"F:/DevelopmentKitQT_MSVC/6.7.1/msvc2019_64/lib/cmake/Qt6Gui/Qt6QWindowsDirect2DIntegrationPluginTargets.cmake",
		"F:/DevelopmentKitQT_MSVC/6.7.1/msvc2019_64/lib/cmake/Qt6Gui/Qt6QWindowsDirect2DIntegrationPluginTargets-debug.cmake",
		"F:/DevelopmentKitQT_MSVC/6.7.1/msvc2019_64/lib/cmake/Qt6Gui/Qt6QWindowsDirect2DIntegrationPluginTargets-relwithdebinfo.cmake",
		"F:/DevelopmentKitQT_MSVC/6.7.1/msvc2019_64/lib/cmake/Qt6Gui/Qt6QWindowsDirect2DIntegrationPluginAdditionalTargetInfo.cmake",
		"F:/DevelopmentKitQT_MSVC/6.7.1/msvc2019_64/lib/cmake/Qt6Gui/Qt6QWindowsIntegrationPluginConfig.cmake",
		"F:/Jetbrain/CLion/bin/cmake/win/x64/share/cmake-3.28/Modules/CMakeFindDependencyMacro.cmake",
		"F:/DevelopmentKitQT_MSVC/6.7.1/msvc2019_64/lib/cmake/Qt6Gui/Qt6QWindowsIntegrationPluginTargets.cmake",
		"F:/DevelopmentKitQT_MSVC/6.7.1/msvc2019_64/lib/cmake/Qt6Gui/Qt6QWindowsIntegrationPluginTargets-debug.cmake",
		"F:/DevelopmentKitQT_MSVC/6.7.1/msvc2019_64/lib/cmake/Qt6Gui/Qt6QWindowsIntegrationPluginTargets-relwithdebinfo.cmake",
		"F:/DevelopmentKitQT_MSVC/6.7.1/msvc2019_64/lib/cmake/Qt6Gui/Qt6QWindowsIntegrationPluginAdditionalTargetInfo.cmake",
		"F:/DevelopmentKitQT_MSVC/6.7.1/msvc2019_64/lib/cmake/Qt6Widgets/Qt6WidgetsConfigVersion.cmake",
		"F:/DevelopmentKitQT_MSVC/6.7.1/msvc2019_64/lib/cmake/Qt6Widgets/Qt6WidgetsConfigVersionImpl.cmake",
		"F:/DevelopmentKitQT_MSVC/6.7.1/msvc2019_64/lib/cmake/Qt6Widgets/Qt6WidgetsConfig.cmake",
		"F:/Jetbrain/CLion/bin/cmake/win/x64/share/cmake-3.28/Modules/CMakeFindDependencyMacro.cmake",
		"F:/DevelopmentKitQT_MSVC/6.7.1/msvc2019_64/lib/cmake/Qt6Widgets/Qt6WidgetsDependencies.cmake",
		"F:/DevelopmentKitQT_MSVC/6.7.1/msvc2019_64/lib/cmake/Qt6WidgetsTools/Qt6WidgetsToolsConfigVersion.cmake",
		"F:/DevelopmentKitQT_MSVC/6.7.1/msvc2019_64/lib/cmake/Qt6WidgetsTools/Qt6WidgetsToolsConfigVersionImpl.cmake",
		"F:/DevelopmentKitQT_MSVC/6.7.1/msvc2019_64/lib/cmake/Qt6WidgetsTools/Qt6WidgetsToolsConfig.cmake",
		"F:/Jetbrain/CLion/bin/cmake/win/x64/share/cmake-3.28/Modules/CMakeFindDependencyMacro.cmake",
		"F:/DevelopmentKitQT_MSVC/6.7.1/msvc2019_64/lib/cmake/Qt6WidgetsTools/Qt6WidgetsToolsDependencies.cmake",
		"F:/DevelopmentKitQT_MSVC/6.7.1/msvc2019_64/lib/cmake/Qt6WidgetsTools/Qt6WidgetsToolsTargets.cmake",
		"F:/DevelopmentKitQT_MSVC/6.7.1/msvc2019_64/lib/cmake/Qt6WidgetsTools/Qt6WidgetsToolsTargets-debug.cmake",
		"F:/DevelopmentKitQT_MSVC/6.7.1/msvc2019_64/lib/cmake/Qt6WidgetsTools/Qt6WidgetsToolsTargets-relwithdebinfo.cmake",
		"F:/DevelopmentKitQT_MSVC/6.7.1/msvc2019_64/lib/cmake/Qt6WidgetsTools/Qt6WidgetsToolsAdditionalTargetInfo.cmake",
		"F:/DevelopmentKitQT_MSVC/6.7.1/msvc2019_64/lib/cmake/Qt6WidgetsTools/Qt6WidgetsToolsVersionlessTargets.cmake",
		"F:/DevelopmentKitQT_MSVC/6.7.1/msvc2019_64/lib/cmake/Qt6Widgets/Qt6WidgetsTargets.cmake",
		"F:/DevelopmentKitQT_MSVC/6.7.1/msvc2019_64/lib/cmake/Qt6Widgets/Qt6WidgetsTargets-debug.cmake",
		"F:/DevelopmentKitQT_MSVC/6.7.1/msvc2019_64/lib/cmake/Qt6Widgets/Qt6WidgetsTargets-relwithdebinfo.cmake",
		"F:/DevelopmentKitQT_MSVC/6.7.1/msvc2019_64/lib/cmake/Qt6Widgets/Qt6WidgetsAdditionalTargetInfo.cmake",
		"F:/DevelopmentKitQT_MSVC/6.7.1/msvc2019_64/lib/cmake/Qt6Widgets/Qt6WidgetsVersionlessTargets.cmake",
		"F:/DevelopmentKitQT_MSVC/6.7.1/msvc2019_64/lib/cmake/Qt6Widgets/Qt6WidgetsMacros.cmake",
		"F:/DevelopmentKitQT_MSVC/6.7.1/msvc2019_64/lib/cmake/Qt6Widgets/Qt6WidgetsPlugins.cmake",
		"F:/DevelopmentKitQT_MSVC/6.7.1/msvc2019_64/lib/cmake/Qt6Widgets/Qt6QModernWindowsStylePluginConfig.cmake",
		"F:/Jetbrain/CLion/bin/cmake/win/x64/share/cmake-3.28/Modules/CMakeFindDependencyMacro.cmake",
		"F:/DevelopmentKitQT_MSVC/6.7.1/msvc2019_64/lib/cmake/Qt6Widgets/Qt6QModernWindowsStylePluginTargets.cmake",
		"F:/DevelopmentKitQT_MSVC/6.7.1/msvc2019_64/lib/cmake/Qt6Widgets/Qt6QModernWindowsStylePluginTargets-debug.cmake",
		"F:/DevelopmentKitQT_MSVC/6.7.1/msvc2019_64/lib/cmake/Qt6Widgets/Qt6QModernWindowsStylePluginTargets-relwithdebinfo.cmake",
		"F:/DevelopmentKitQT_MSVC/6.7.1/msvc2019_64/lib/cmake/Qt6Widgets/Qt6QModernWindowsStylePluginAdditionalTargetInfo.cmake"
	],
	"CMAKE_SOURCE_DIR" : "F:/CODE/GIThub/C_plus_plus/ConvertNumber",
	"DEP_FILE" : "F:/CODE/GIThub/C_plus_plus/ConvertNumber/cmake-build-release-visual-studio/ConvertNumber_autogen/deps",
	"DEP_FILE_RULE_NAME" : "ConvertNumber_autogen/timestamp",
	"HEADERS" : 
	[
		[
			"F:/CODE/GIThub/C_plus_plus/ConvertNumber/ui/convert.h",
			"MU",
			"UYX5XTB5RZ/moc_convert.cpp",
			null
		]
	],
	"HEADER_EXTENSIONS" : [ "h", "hh", "h++", "hm", "hpp", "hxx", "in", "txx" ],
	"INCLUDE_DIR" : "F:/CODE/GIThub/C_plus_plus/ConvertNumber/cmake-build-release-visual-studio/ConvertNumber_autogen/include",
	"MOC_COMPILATION_FILE" : "F:/CODE/GIThub/C_plus_plus/ConvertNumber/cmake-build-release-visual-studio/ConvertNumber_autogen/mocs_compilation.cpp",
	"MOC_DEFINITIONS" : 
	[
		"QT_CORE_LIB",
		"QT_GUI_LIB",
		"QT_NO_DEBUG",
		"QT_WIDGETS_LIB",
		"UNICODE",
		"WIN32",
		"WIN64",
		"_ENABLE_EXTENDED_ALIGNED_STORAGE",
		"_UNICODE",
		"_WIN64"
	],
	"MOC_DEPEND_FILTERS" : 
	[
		[
			"Q_PLUGIN_METADATA",
			"[\n][ \t]*Q_PLUGIN_METADATA[ \t]*\\([^\\)]*FILE[ \t]*\"([^\"]+)\""
		]
	],
	"MOC_INCLUDES" : 
	[
		"F:/DevelopmentKitQT_MSVC/6.7.1/msvc2019_64/include/QtCore",
		"F:/DevelopmentKitQT_MSVC/6.7.1/msvc2019_64/include",
		"F:/DevelopmentKitQT_MSVC/6.7.1/msvc2019_64/mkspecs/win32-msvc",
		"F:/DevelopmentKitQT_MSVC/6.7.1/msvc2019_64/include/QtGui",
		"F:/DevelopmentKitQT_MSVC/6.7.1/msvc2019_64/include/QtWidgets"
	],
	"MOC_MACRO_NAMES" : 
	[
		"Q_OBJECT",
		"Q_GADGET",
		"Q_NAMESPACE",
		"Q_NAMESPACE_EXPORT",
		"Q_GADGET_EXPORT",
		"Q_ENUM_NS"
	],
	"MOC_OPTIONS" : [],
	"MOC_PATH_PREFIX" : false,
	"MOC_PREDEFS_CMD" : [],
	"MOC_PREDEFS_FILE" : "",
	"MOC_RELAXED_MODE" : false,
	"MOC_SKIP" : [],
	"MULTI_CONFIG" : false,
	"PARALLEL" : 8,
	"PARSE_CACHE_FILE" : "F:/CODE/GIThub/C_plus_plus/ConvertNumber/cmake-build-release-visual-studio/CMakeFiles/ConvertNumber_autogen.dir/ParseCache.txt",
	"QT_MOC_EXECUTABLE" : "F:/DevelopmentKitQT_MSVC/6.7.1/msvc2019_64/./bin/moc.exe",
	"QT_UIC_EXECUTABLE" : "F:/DevelopmentKitQT_MSVC/6.7.1/msvc2019_64/./bin/uic.exe",
	"QT_VERSION_MAJOR" : 6,
	"QT_VERSION_MINOR" : 7,
	"SETTINGS_FILE" : "F:/CODE/GIThub/C_plus_plus/ConvertNumber/cmake-build-release-visual-studio/CMakeFiles/ConvertNumber_autogen.dir/AutogenUsed.txt",
	"SOURCES" : 
	[
		[ "F:/CODE/GIThub/C_plus_plus/ConvertNumber/main.cpp", "MU", null ],
		[ "F:/CODE/GIThub/C_plus_plus/ConvertNumber/ui/convert.cpp", "MU", null ]
	],
	"UIC_OPTIONS" : [],
	"UIC_SEARCH_PATHS" : [],
	"UIC_SKIP" : [],
	"UIC_UI_FILES" : [],
	"VERBOSITY" : 0
}
