{
	"BUILD_DIR" : "F:/CODE/GIThub/C_plus_plus/StringNumber/cmake-build-release-visual-studio-32/StringNumber_autogen",
	"CMAKE_BINARY_DIR" : "F:/CODE/GIThub/C_plus_plus/StringNumber/cmake-build-release-visual-studio-32",
	"CMAKE_CURRENT_BINARY_DIR" : "F:/CODE/GIThub/C_plus_plus/StringNumber/cmake-build-release-visual-studio-32",
	"CMAKE_CURRENT_SOURCE_DIR" : "F:/CODE/GIThub/C_plus_plus/StringNumber",
	"CMAKE_EXECUTABLE" : "F:/Jetbrain/CLion/bin/cmake/win/x64/bin/cmake.exe",
	"CMAKE_LIST_FILES" : 
	[
		"F:/CODE/GIThub/C_plus_plus/StringNumber/CMakeLists.txt",
		"F:/Jetbrain/CLion/bin/cmake/win/x64/share/cmake-3.28/Modules/CMakeDetermineSystem.cmake",
		"F:/Jetbrain/CLion/bin/cmake/win/x64/share/cmake-3.28/Modules/CMakeSystem.cmake.in",
		"F:/CODE/GIThub/C_plus_plus/StringNumber/cmake-build-release-visual-studio-32/CMakeFiles/3.28.1/CMakeSystem.cmake",
		"F:/Jetbrain/CLion/bin/cmake/win/x64/share/cmake-3.28/Modules/CMakeSystemSpecificInitialize.cmake",
		"F:/Jetbrain/CLion/bin/cmake/win/x64/share/cmake-3.28/Modules/Platform/Windows-Initialize.cmake",
		"F:/Jetbrain/CLion/bin/cmake/win/x64/share/cmake-3.28/Modules/CMakeDetermineCCompiler.cmake",
		"F:/Jetbrain/CLion/bin/cmake/win/x64/share/cmake-3.28/Modules/CMakeDetermineCompiler.cmake",
		"F:/Jetbrain/CLion/bin/cmake/win/x64/share/cmake-3.28/Modules/CMakeDetermineCompilerId.cmake",
		"F:/Jetbrain/CLion/bin/cmake/win/x64/share/cmake-3.28/Modules/CMakeCompilerIdDetection.cmake",
		"F:/Jetbrain/CLion/bin/cmake/win/x64/share/cmake-3.28/Modules/Compiler/ADSP-DetermineCompiler.cmake",
		"F:/Jetbrain/CLion/bin/cmake/win/x64/share/cmake-3.28/Modules/Compiler/ARMCC-DetermineCompiler.cmake",
		"F:/Jetbrain/CLion/bin/cmake/win/x64/share/cmake-3.28/Modules/Compiler/ARMClang-DetermineCompiler.cmake",
		"F:/Jetbrain/CLion/bin/cmake/win/x64/share/cmake-3.28/Modules/Compiler/AppleClang-DetermineCompiler.cmake",
		"F:/Jetbrain/CLion/bin/cmake/win/x64/share/cmake-3.28/Modules/Compiler/Clang-DetermineCompilerInternal.cmake",
		"F:/Jetbrain/CLion/bin/cmake/win/x64/share/cmake-3.28/Modules/Compiler/Borland-DetermineCompiler.cmake",
		"F:/Jetbrain/CLion/bin/cmake/win/x64/share/cmake-3.28/Modules/Compiler/Bruce-C-DetermineCompiler.cmake",
		"F:/Jetbrain/CLion/bin/cmake/win/x64/share/cmake-3.28/Modules/Compiler/Clang-DetermineCompiler.cmake",
		"F:/Jetbrain/CLion/bin/cmake/win/x64/share/cmake-3.28/Modules/Compiler/Clang-DetermineCompilerInternal.cmake",
		"F:/Jetbrain/CLion/bin/cmake/win/x64/share/cmake-3.28/Modules/Compiler/Compaq-C-DetermineCompiler.cmake",
		"F:/Jetbrain/CLion/bin/cmake/win/x64/share/cmake-3.28/Modules/Compiler/Cray-DetermineCompiler.cmake",
		"F:/Jetbrain/CLion/bin/cmake/win/x64/share/cmake-3.28/Modules/Compiler/CrayClang-DetermineCompiler.cmake",
		"F:/Jetbrain/CLion/bin/cmake/win/x64/share/cmake-3.28/Modules/Compiler/Embarcadero-DetermineCompiler.cmake",
		"F:/Jetbrain/CLion/bin/cmake/win/x64/share/cmake-3.28/Modules/Compiler/Fujitsu-DetermineCompiler.cmake",
		"F:/Jetbrain/CLion/bin/cmake/win/x64/share/cmake-3.28/Modules/Compiler/FujitsuClang-DetermineCompiler.cmake",
		"F:/Jetbrain/CLion/bin/cmake/win/x64/share/cmake-3.28/Modules/Compiler/GHS-DetermineCompiler.cmake",
		"F:/Jetbrain/CLion/bin/cmake/win/x64/share/cmake-3.28/Modules/Compiler/GNU-C-DetermineCompiler.cmake",
		"F:/Jetbrain/CLion/bin/cmake/win/x64/share/cmake-3.28/Modules/Compiler/HP-C-DetermineCompiler.cmake",
		"F:/Jetbrain/CLion/bin/cmake/win/x64/share/cmake-3.28/Modules/Compiler/IAR-DetermineCompiler.cmake",
		"F:/Jetbrain/CLion/bin/cmake/win/x64/share/cmake-3.28/Modules/Compiler/IBMClang-C-DetermineCompiler.cmake",
		"F:/Jetbrain/CLion/bin/cmake/win/x64/share/cmake-3.28/Modules/Compiler/Intel-DetermineCompiler.cmake",
		"F:/Jetbrain/CLion/bin/cmake/win/x64/share/cmake-3.28/Modules/Compiler/IntelLLVM-DetermineCompiler.cmake",
		"F:/Jetbrain/CLion/bin/cmake/win/x64/share/cmake-3.28/Modules/Compiler/LCC-C-DetermineCompiler.cmake",
		"F:/Jetbrain/CLion/bin/cmake/win/x64/share/cmake-3.28/Modules/Compiler/MSVC-DetermineCompiler.cmake",
		"F:/Jetbrain/CLion/bin/cmake/win/x64/share/cmake-3.28/Modules/Compiler/NVHPC-DetermineCompiler.cmake",
		"F:/Jetbrain/CLion/bin/cmake/win/x64/share/cmake-3.28/Modules/Compiler/NVIDIA-DetermineCompiler.cmake",
		"F:/Jetbrain/CLion/bin/cmake/win/x64/share/cmake-3.28/Modules/Compiler/OpenWatcom-DetermineCompiler.cmake",
		"F:/Jetbrain/CLion/bin/cmake/win/x64/share/cmake-3.28/Modules/Compiler/OrangeC-DetermineCompiler.cmake",
		"F:/Jetbrain/CLion/bin/cmake/win/x64/share/cmake-3.28/Modules/Compiler/PGI-DetermineCompiler.cmake",
		"F:/Jetbrain/CLion/bin/cmake/win/x64/share/cmake-3.28/Modules/Compiler/PathScale-DetermineCompiler.cmake",
		"F:/Jetbrain/CLion/bin/cmake/win/x64/share/cmake-3.28/Modules/Compiler/SCO-DetermineCompiler.cmake",
		"F:/Jetbrain/CLion/bin/cmake/win/x64/share/cmake-3.28/Modules/Compiler/SDCC-C-DetermineCompiler.cmake",
		"F:/Jetbrain/CLion/bin/cmake/win/x64/share/cmake-3.28/Modules/Compiler/SunPro-C-DetermineCompiler.cmake",
		"F:/Jetbrain/CLion/bin/cmake/win/x64/share/cmake-3.28/Modules/Compiler/TI-DetermineCompiler.cmake",
		"F:/Jetbrain/CLion/bin/cmake/win/x64/share/cmake-3.28/Modules/Compiler/Tasking-DetermineCompiler.cmake",
		"F:/Jetbrain/CLion/bin/cmake/win/x64/share/cmake-3.28/Modules/Compiler/TinyCC-C-DetermineCompiler.cmake",
		"F:/Jetbrain/CLion/bin/cmake/win/x64/share/cmake-3.28/Modules/Compiler/VisualAge-C-DetermineCompiler.cmake",
		"F:/Jetbrain/CLion/bin/cmake/win/x64/share/cmake-3.28/Modules/Compiler/IBMCPP-C-DetermineVersionInternal.cmake",
		"F:/Jetbrain/CLion/bin/cmake/win/x64/share/cmake-3.28/Modules/Compiler/Watcom-DetermineCompiler.cmake",
		"F:/Jetbrain/CLion/bin/cmake/win/x64/share/cmake-3.28/Modules/Compiler/XL-C-DetermineCompiler.cmake",
		"F:/Jetbrain/CLion/bin/cmake/win/x64/share/cmake-3.28/Modules/Compiler/IBMCPP-C-DetermineVersionInternal.cmake",
		"F:/Jetbrain/CLion/bin/cmake/win/x64/share/cmake-3.28/Modules/Compiler/XLClang-C-DetermineCompiler.cmake",
		"F:/Jetbrain/CLion/bin/cmake/win/x64/share/cmake-3.28/Modules/Compiler/zOS-C-DetermineCompiler.cmake",
		"F:/Jetbrain/CLion/bin/cmake/win/x64/share/cmake-3.28/Modules/Compiler/IBMCPP-C-DetermineVersionInternal.cmake",
		"F:/Jetbrain/CLion/bin/cmake/win/x64/share/cmake-3.28/Modules/CMakeFindBinUtils.cmake",
		"F:/Jetbrain/CLion/bin/cmake/win/x64/share/cmake-3.28/Modules/CMakeCCompiler.cmake.in",
		"F:/CODE/GIThub/C_plus_plus/StringNumber/cmake-build-release-visual-studio-32/CMakeFiles/3.28.1/CMakeCCompiler.cmake",
		"F:/Jetbrain/CLion/bin/cmake/win/x64/share/cmake-3.28/Modules/CMakeDetermineCXXCompiler.cmake",
		"F:/Jetbrain/CLion/bin/cmake/win/x64/share/cmake-3.28/Modules/CMakeDetermineCompiler.cmake",
		"F:/Jetbrain/CLion/bin/cmake/win/x64/share/cmake-3.28/Modules/Platform/Windows-Determine-CXX.cmake",
		"F:/Jetbrain/CLion/bin/cmake/win/x64/share/cmake-3.28/Modules/CMakeDetermineCompilerId.cmake",
		"F:/Jetbrain/CLion/bin/cmake/win/x64/share/cmake-3.28/Modules/CMakeCompilerIdDetection.cmake",
		"F:/Jetbrain/CLion/bin/cmake/win/x64/share/cmake-3.28/Modules/Compiler/ADSP-DetermineCompiler.cmake",
		"F:/Jetbrain/CLion/bin/cmake/win/x64/share/cmake-3.28/Modules/Compiler/ARMCC-DetermineCompiler.cmake",
		"F:/Jetbrain/CLion/bin/cmake/win/x64/share/cmake-3.28/Modules/Compiler/ARMClang-DetermineCompiler.cmake",
		"F:/Jetbrain/CLion/bin/cmake/win/x64/share/cmake-3.28/Modules/Compiler/AppleClang-DetermineCompiler.cmake",
		"F:/Jetbrain/CLion/bin/cmake/win/x64/share/cmake-3.28/Modules/Compiler/Clang-DetermineCompilerInternal.cmake",
		"F:/Jetbrain/CLion/bin/cmake/win/x64/share/cmake-3.28/Modules/Compiler/Borland-DetermineCompiler.cmake",
		"F:/Jetbrain/CLion/bin/cmake/win/x64/share/cmake-3.28/Modules/Compiler/Clang-DetermineCompiler.cmake",
		"F:/Jetbrain/CLion/bin/cmake/win/x64/share/cmake-3.28/Modules/Compiler/Clang-DetermineCompilerInternal.cmake",
		"F:/Jetbrain/CLion/bin/cmake/win/x64/share/cmake-3.28/Modules/Compiler/Comeau-CXX-DetermineCompiler.cmake",
		"F:/Jetbrain/CLion/bin/cmake/win/x64/share/cmake-3.28/Modules/Compiler/Compaq-CXX-DetermineCompiler.cmake",
		"F:/Jetbrain/CLion/bin/cmake/win/x64/share/cmake-3.28/Modules/Compiler/Cray-DetermineCompiler.cmake",
		"F:/Jetbrain/CLion/bin/cmake/win/x64/share/cmake-3.28/Modules/Compiler/CrayClang-DetermineCompiler.cmake",
		"F:/Jetbrain/CLion/bin/cmake/win/x64/share/cmake-3.28/Modules/Compiler/Embarcadero-DetermineCompiler.cmake",
		"F:/Jetbrain/CLion/bin/cmake/win/x64/share/cmake-3.28/Modules/Compiler/Fujitsu-DetermineCompiler.cmake",
		"F:/Jetbrain/CLion/bin/cmake/win/x64/share/cmake-3.28/Modules/Compiler/FujitsuClang-DetermineCompiler.cmake",
		"F:/Jetbrain/CLion/bin/cmake/win/x64/share/cmake-3.28/Modules/Compiler/GHS-DetermineCompiler.cmake",
		"F:/Jetbrain/CLion/bin/cmake/win/x64/share/cmake-3.28/Modules/Compiler/GNU-CXX-DetermineCompiler.cmake",
		"F:/Jetbrain/CLion/bin/cmake/win/x64/share/cmake-3.28/Modules/Compiler/HP-CXX-DetermineCompiler.cmake",
		"F:/Jetbrain/CLion/bin/cmake/win/x64/share/cmake-3.28/Modules/Compiler/IAR-DetermineCompiler.cmake",
		"F:/Jetbrain/CLion/bin/cmake/win/x64/share/cmake-3.28/Modules/Compiler/IBMClang-CXX-DetermineCompiler.cmake",
		"F:/Jetbrain/CLion/bin/cmake/win/x64/share/cmake-3.28/Modules/Compiler/Intel-DetermineCompiler.cmake",
		"F:/Jetbrain/CLion/bin/cmake/win/x64/share/cmake-3.28/Modules/Compiler/IntelLLVM-DetermineCompiler.cmake",
		"F:/Jetbrain/CLion/bin/cmake/win/x64/share/cmake-3.28/Modules/Compiler/LCC-CXX-DetermineCompiler.cmake",
		"F:/Jetbrain/CLion/bin/cmake/win/x64/share/cmake-3.28/Modules/Compiler/MSVC-DetermineCompiler.cmake",
		"F:/Jetbrain/CLion/bin/cmake/win/x64/share/cmake-3.28/Modules/Compiler/NVHPC-DetermineCompiler.cmake",
		"F:/Jetbrain/CLion/bin/cmake/win/x64/share/cmake-3.28/Modules/Compiler/NVIDIA-DetermineCompiler.cmake",
		"F:/Jetbrain/CLion/bin/cmake/win/x64/share/cmake-3.28/Modules/Compiler/OpenWatcom-DetermineCompiler.cmake",
		"F:/Jetbrain/CLion/bin/cmake/win/x64/share/cmake-3.28/Modules/Compiler/OrangeC-DetermineCompiler.cmake",
		"F:/Jetbrain/CLion/bin/cmake/win/x64/share/cmake-3.28/Modules/Compiler/PGI-DetermineCompiler.cmake",
		"F:/Jetbrain/CLion/bin/cmake/win/x64/share/cmake-3.28/Modules/Compiler/PathScale-DetermineCompiler.cmake",
		"F:/Jetbrain/CLion/bin/cmake/win/x64/share/cmake-3.28/Modules/Compiler/SCO-DetermineCompiler.cmake",
		"F:/Jetbrain/CLion/bin/cmake/win/x64/share/cmake-3.28/Modules/Compiler/SunPro-CXX-DetermineCompiler.cmake",
		"F:/Jetbrain/CLion/bin/cmake/win/x64/share/cmake-3.28/Modules/Compiler/TI-DetermineCompiler.cmake",
		"F:/Jetbrain/CLion/bin/cmake/win/x64/share/cmake-3.28/Modules/Compiler/Tasking-DetermineCompiler.cmake",
		"F:/Jetbrain/CLion/bin/cmake/win/x64/share/cmake-3.28/Modules/Compiler/VisualAge-CXX-DetermineCompiler.cmake",
		"F:/Jetbrain/CLion/bin/cmake/win/x64/share/cmake-3.28/Modules/Compiler/IBMCPP-CXX-DetermineVersionInternal.cmake",
		"F:/Jetbrain/CLion/bin/cmake/win/x64/share/cmake-3.28/Modules/Compiler/Watcom-DetermineCompiler.cmake",
		"F:/Jetbrain/CLion/bin/cmake/win/x64/share/cmake-3.28/Modules/Compiler/XL-CXX-DetermineCompiler.cmake",
		"F:/Jetbrain/CLion/bin/cmake/win/x64/share/cmake-3.28/Modules/Compiler/IBMCPP-CXX-DetermineVersionInternal.cmake",
		"F:/Jetbrain/CLion/bin/cmake/win/x64/share/cmake-3.28/Modules/Compiler/XLClang-CXX-DetermineCompiler.cmake",
		"F:/Jetbrain/CLion/bin/cmake/win/x64/share/cmake-3.28/Modules/Compiler/zOS-CXX-DetermineCompiler.cmake",
		"F:/Jetbrain/CLion/bin/cmake/win/x64/share/cmake-3.28/Modules/Compiler/IBMCPP-CXX-DetermineVersionInternal.cmake",
		"F:/Jetbrain/CLion/bin/cmake/win/x64/share/cmake-3.28/Modules/CMakeFindBinUtils.cmake",
		"F:/Jetbrain/CLion/bin/cmake/win/x64/share/cmake-3.28/Modules/CMakeCXXCompiler.cmake.in",
		"F:/CODE/GIThub/C_plus_plus/StringNumber/cmake-build-release-visual-studio-32/CMakeFiles/3.28.1/CMakeCXXCompiler.cmake",
		"F:/Jetbrain/CLion/bin/cmake/win/x64/share/cmake-3.28/Modules/CMakeSystemSpecificInformation.cmake",
		"F:/Jetbrain/CLion/bin/cmake/win/x64/share/cmake-3.28/Modules/CMakeGenericSystem.cmake",
		"F:/Jetbrain/CLion/bin/cmake/win/x64/share/cmake-3.28/Modules/CMakeInitializeConfigs.cmake",
		"F:/Jetbrain/CLion/bin/cmake/win/x64/share/cmake-3.28/Modules/Platform/Windows.cmake",
		"F:/Jetbrain/CLion/bin/cmake/win/x64/share/cmake-3.28/Modules/Platform/WindowsPaths.cmake",
		"F:/Jetbrain/CLion/bin/cmake/win/x64/share/cmake-3.28/Modules/CMakeCInformation.cmake",
		"F:/Jetbrain/CLion/bin/cmake/win/x64/share/cmake-3.28/Modules/CMakeLanguageInformation.cmake",
		"F:/Jetbrain/CLion/bin/cmake/win/x64/share/cmake-3.28/Modules/Compiler/MSVC-C.cmake",
		"F:/Jetbrain/CLion/bin/cmake/win/x64/share/cmake-3.28/Modules/Compiler/MSVC.cmake",
		"F:/Jetbrain/CLion/bin/cmake/win/x64/share/cmake-3.28/Modules/Compiler/CMakeCommonCompilerMacros.cmake",
		"F:/Jetbrain/CLion/bin/cmake/win/x64/share/cmake-3.28/Modules/Platform/Windows-MSVC-C.cmake",
		"F:/Jetbrain/CLion/bin/cmake/win/x64/share/cmake-3.28/Modules/Platform/Windows-MSVC.cmake",
		"F:/Jetbrain/CLion/bin/cmake/win/x64/share/cmake-3.28/Modules/CMakeDetermineRCCompiler.cmake",
		"F:/Jetbrain/CLion/bin/cmake/win/x64/share/cmake-3.28/Modules/CMakeRCCompiler.cmake.in",
		"F:/CODE/GIThub/C_plus_plus/StringNumber/cmake-build-release-visual-studio-32/CMakeFiles/3.28.1/CMakeRCCompiler.cmake",
		"F:/Jetbrain/CLion/bin/cmake/win/x64/share/cmake-3.28/Modules/CMakeRCInformation.cmake",
		"F:/Jetbrain/CLion/bin/cmake/win/x64/share/cmake-3.28/Modules/CMakeTestRCCompiler.cmake",
		"F:/Jetbrain/CLion/bin/cmake/win/x64/share/cmake-3.28/Modules/CMakeCommonLanguageInclude.cmake",
		"F:/Jetbrain/CLion/bin/cmake/win/x64/share/cmake-3.28/Modules/CMakeTestCCompiler.cmake",
		"F:/Jetbrain/CLion/bin/cmake/win/x64/share/cmake-3.28/Modules/CMakeTestCompilerCommon.cmake",
		"F:/Jetbrain/CLion/bin/cmake/win/x64/share/cmake-3.28/Modules/CMakeDetermineCompilerABI.cmake",
		"F:/Jetbrain/CLion/bin/cmake/win/x64/share/cmake-3.28/Modules/CMakeParseImplicitIncludeInfo.cmake",
		"F:/Jetbrain/CLion/bin/cmake/win/x64/share/cmake-3.28/Modules/CMakeParseImplicitLinkInfo.cmake",
		"F:/Jetbrain/CLion/bin/cmake/win/x64/share/cmake-3.28/Modules/CMakeParseLibraryArchitecture.cmake",
		"F:/Jetbrain/CLion/bin/cmake/win/x64/share/cmake-3.28/Modules/CMakeTestCompilerCommon.cmake",
		"F:/Jetbrain/CLion/bin/cmake/win/x64/share/cmake-3.28/Modules/CMakeCCompilerABI.c",
		"F:/Jetbrain/CLion/bin/cmake/win/x64/share/cmake-3.28/Modules/CMakeDetermineCompileFeatures.cmake",
		"F:/Jetbrain/CLion/bin/cmake/win/x64/share/cmake-3.28/Modules/Internal/FeatureTesting.cmake",
		"F:/Jetbrain/CLion/bin/cmake/win/x64/share/cmake-3.28/Modules/CMakeCCompiler.cmake.in",
		"F:/CODE/GIThub/C_plus_plus/StringNumber/cmake-build-release-visual-studio-32/CMakeFiles/3.28.1/CMakeCCompiler.cmake",
		"F:/Jetbrain/CLion/bin/cmake/win/x64/share/cmake-3.28/Modules/CMakeCXXInformation.cmake",
		"F:/Jetbrain/CLion/bin/cmake/win/x64/share/cmake-3.28/Modules/CMakeLanguageInformation.cmake",
		"F:/Jetbrain/CLion/bin/cmake/win/x64/share/cmake-3.28/Modules/Compiler/MSVC-CXX.cmake",
		"F:/Jetbrain/CLion/bin/cmake/win/x64/share/cmake-3.28/Modules/Compiler/MSVC.cmake",
		"F:/Jetbrain/CLion/bin/cmake/win/x64/share/cmake-3.28/Modules/Compiler/CMakeCommonCompilerMacros.cmake",
		"F:/Jetbrain/CLion/bin/cmake/win/x64/share/cmake-3.28/Modules/Platform/Windows-MSVC-CXX.cmake",
		"F:/Jetbrain/CLion/bin/cmake/win/x64/share/cmake-3.28/Modules/Platform/Windows-MSVC.cmake",
		"F:/Jetbrain/CLion/bin/cmake/win/x64/share/cmake-3.28/Modules/CMakeCommonLanguageInclude.cmake",
		"F:/Jetbrain/CLion/bin/cmake/win/x64/share/cmake-3.28/Modules/CMakeTestCXXCompiler.cmake",
		"F:/Jetbrain/CLion/bin/cmake/win/x64/share/cmake-3.28/Modules/CMakeTestCompilerCommon.cmake",
		"F:/Jetbrain/CLion/bin/cmake/win/x64/share/cmake-3.28/Modules/CMakeDetermineCompilerABI.cmake",
		"F:/Jetbrain/CLion/bin/cmake/win/x64/share/cmake-3.28/Modules/CMakeParseImplicitIncludeInfo.cmake",
		"F:/Jetbrain/CLion/bin/cmake/win/x64/share/cmake-3.28/Modules/CMakeParseImplicitLinkInfo.cmake",
		"F:/Jetbrain/CLion/bin/cmake/win/x64/share/cmake-3.28/Modules/CMakeParseLibraryArchitecture.cmake",
		"F:/Jetbrain/CLion/bin/cmake/win/x64/share/cmake-3.28/Modules/CMakeTestCompilerCommon.cmake",
		"F:/Jetbrain/CLion/bin/cmake/win/x64/share/cmake-3.28/Modules/CMakeCXXCompilerABI.cpp",
		"F:/Jetbrain/CLion/bin/cmake/win/x64/share/cmake-3.28/Modules/CMakeDetermineCompileFeatures.cmake",
		"F:/Jetbrain/CLion/bin/cmake/win/x64/share/cmake-3.28/Modules/Internal/FeatureTesting.cmake",
		"F:/Jetbrain/CLion/bin/cmake/win/x64/share/cmake-3.28/Modules/CMakeCXXCompiler.cmake.in",
		"F:/CODE/GIThub/C_plus_plus/StringNumber/cmake-build-release-visual-studio-32/CMakeFiles/3.28.1/CMakeCXXCompiler.cmake",
		"F:/DevelopmentKitQT_MSVC/5.15.17/msvc2019/lib/cmake/Qt5/Qt5ConfigVersion.cmake",
		"F:/DevelopmentKitQT_MSVC/5.15.17/msvc2019/lib/cmake/Qt5/Qt5Config.cmake",
		"F:/DevelopmentKitQT_MSVC/5.15.17/msvc2019/lib/cmake/Qt5/Qt5ModuleLocation.cmake",
		"F:/DevelopmentKitQT_MSVC/5.15.17/msvc2019/lib/cmake/Qt5Core/Qt5CoreConfigVersion.cmake",
		"F:/DevelopmentKitQT_MSVC/5.15.17/msvc2019/lib/cmake/Qt5Core/Qt5CoreConfig.cmake",
		"F:/DevelopmentKitQT_MSVC/5.15.17/msvc2019/lib/cmake/Qt5Core/Qt5CoreConfigExtras.cmake",
		"F:/DevelopmentKitQT_MSVC/5.15.17/msvc2019/lib/cmake/Qt5Core/Qt5CoreConfigExtrasMkspecDir.cmake",
		"F:/DevelopmentKitQT_MSVC/5.15.17/msvc2019/lib/cmake/Qt5Core/Qt5CoreMacros.cmake",
		"F:/Jetbrain/CLion/bin/cmake/win/x64/share/cmake-3.28/Modules/CMakeParseArguments.cmake",
		"F:/DevelopmentKitQT_MSVC/5.15.17/msvc2019/lib/cmake/Qt5Gui/Qt5GuiConfigVersion.cmake",
		"F:/DevelopmentKitQT_MSVC/5.15.17/msvc2019/lib/cmake/Qt5Gui/Qt5GuiConfig.cmake",
		"F:/DevelopmentKitQT_MSVC/5.15.17/msvc2019/lib/cmake/Qt5Gui/Qt5Gui_QGifPlugin.cmake",
		"F:/DevelopmentKitQT_MSVC/5.15.17/msvc2019/lib/cmake/Qt5Gui/Qt5Gui_QICNSPlugin.cmake",
		"F:/DevelopmentKitQT_MSVC/5.15.17/msvc2019/lib/cmake/Qt5Gui/Qt5Gui_QICOPlugin.cmake",
		"F:/DevelopmentKitQT_MSVC/5.15.17/msvc2019/lib/cmake/Qt5Gui/Qt5Gui_QJpegPlugin.cmake",
		"F:/DevelopmentKitQT_MSVC/5.15.17/msvc2019/lib/cmake/Qt5Gui/Qt5Gui_QMinimalIntegrationPlugin.cmake",
		"F:/DevelopmentKitQT_MSVC/5.15.17/msvc2019/lib/cmake/Qt5Gui/Qt5Gui_QOffscreenIntegrationPlugin.cmake",
		"F:/DevelopmentKitQT_MSVC/5.15.17/msvc2019/lib/cmake/Qt5Gui/Qt5Gui_QSvgIconPlugin.cmake",
		"F:/DevelopmentKitQT_MSVC/5.15.17/msvc2019/lib/cmake/Qt5Gui/Qt5Gui_QSvgPlugin.cmake",
		"F:/DevelopmentKitQT_MSVC/5.15.17/msvc2019/lib/cmake/Qt5Gui/Qt5Gui_QTgaPlugin.cmake",
		"F:/DevelopmentKitQT_MSVC/5.15.17/msvc2019/lib/cmake/Qt5Gui/Qt5Gui_QTiffPlugin.cmake",
		"F:/DevelopmentKitQT_MSVC/5.15.17/msvc2019/lib/cmake/Qt5Gui/Qt5Gui_QTuioTouchPlugin.cmake",
		"F:/DevelopmentKitQT_MSVC/5.15.17/msvc2019/lib/cmake/Qt5Gui/Qt5Gui_QWbmpPlugin.cmake",
		"F:/DevelopmentKitQT_MSVC/5.15.17/msvc2019/lib/cmake/Qt5Gui/Qt5Gui_QWebpPlugin.cmake",
		"F:/DevelopmentKitQT_MSVC/5.15.17/msvc2019/lib/cmake/Qt5Gui/Qt5Gui_QWindowsDirect2DIntegrationPlugin.cmake",
		"F:/DevelopmentKitQT_MSVC/5.15.17/msvc2019/lib/cmake/Qt5Gui/Qt5Gui_QWindowsIntegrationPlugin.cmake",
		"F:/DevelopmentKitQT_MSVC/5.15.17/msvc2019/lib/cmake/Qt5Gui/Qt5Gui_QXdgDesktopPortalThemePlugin.cmake",
		"F:/DevelopmentKitQT_MSVC/5.15.17/msvc2019/lib/cmake/Qt5Gui/Qt5GuiConfigExtras.cmake",
		"F:/DevelopmentKitQT_MSVC/5.15.17/msvc2019/lib/cmake/Qt5Widgets/Qt5WidgetsConfigVersion.cmake",
		"F:/DevelopmentKitQT_MSVC/5.15.17/msvc2019/lib/cmake/Qt5Widgets/Qt5WidgetsConfig.cmake",
		"F:/DevelopmentKitQT_MSVC/5.15.17/msvc2019/lib/cmake/Qt5Widgets/Qt5Widgets_QWindowsVistaStylePlugin.cmake",
		"F:/DevelopmentKitQT_MSVC/5.15.17/msvc2019/lib/cmake/Qt5Widgets/Qt5WidgetsConfigExtras.cmake",
		"F:/DevelopmentKitQT_MSVC/5.15.17/msvc2019/lib/cmake/Qt5Widgets/Qt5WidgetsMacros.cmake",
		"F:/Jetbrain/CLion/bin/cmake/win/x64/share/cmake-3.28/Modules/CMakeParseArguments.cmake"
	],
	"CMAKE_SOURCE_DIR" : "F:/CODE/GIThub/C_plus_plus/StringNumber",
	"DEP_FILE" : "F:/CODE/GIThub/C_plus_plus/StringNumber/cmake-build-release-visual-studio-32/StringNumber_autogen/deps",
	"DEP_FILE_RULE_NAME" : "StringNumber_autogen/timestamp",
	"HEADERS" : 
	[
		[
			"F:/CODE/GIThub/C_plus_plus/StringNumber/ui/convert.h",
			"MU",
			"UYX5XTB5RZ/moc_convert.cpp",
			null
		]
	],
	"HEADER_EXTENSIONS" : [ "h", "hh", "h++", "hm", "hpp", "hxx", "in", "txx" ],
	"INCLUDE_DIR" : "F:/CODE/GIThub/C_plus_plus/StringNumber/cmake-build-release-visual-studio-32/StringNumber_autogen/include",
	"MOC_COMPILATION_FILE" : "F:/CODE/GIThub/C_plus_plus/StringNumber/cmake-build-release-visual-studio-32/StringNumber_autogen/mocs_compilation.cpp",
	"MOC_DEFINITIONS" : [ "QT_CORE_LIB", "QT_GUI_LIB", "QT_NO_DEBUG", "QT_WIDGETS_LIB", "WIN32" ],
	"MOC_DEPEND_FILTERS" : 
	[
		[
			"Q_PLUGIN_METADATA",
			"[\n][ \t]*Q_PLUGIN_METADATA[ \t]*\\([^\\)]*FILE[ \t]*\"([^\"]+)\""
		]
	],
	"MOC_INCLUDES" : 
	[
		"F:/DevelopmentKitQT_MSVC/5.15.17/msvc2019/include",
		"F:/DevelopmentKitQT_MSVC/5.15.17/msvc2019/include/QtCore",
		"F:/DevelopmentKitQT_MSVC/5.15.17/msvc2019/mkspecs/win32-msvc",
		"F:/DevelopmentKitQT_MSVC/5.15.17/msvc2019/include/QtGui",
		"F:/DevelopmentKitQT_MSVC/5.15.17/msvc2019/include/QtANGLE",
		"F:/DevelopmentKitQT_MSVC/5.15.17/msvc2019/include/QtWidgets"
	],
	"MOC_MACRO_NAMES" : [ "Q_OBJECT", "Q_GADGET", "Q_NAMESPACE", "Q_NAMESPACE_EXPORT" ],
	"MOC_OPTIONS" : [],
	"MOC_PATH_PREFIX" : false,
	"MOC_PREDEFS_CMD" : [],
	"MOC_PREDEFS_FILE" : "",
	"MOC_RELAXED_MODE" : false,
	"MOC_SKIP" : [],
	"MULTI_CONFIG" : false,
	"PARALLEL" : 8,
	"PARSE_CACHE_FILE" : "F:/CODE/GIThub/C_plus_plus/StringNumber/cmake-build-release-visual-studio-32/CMakeFiles/StringNumber_autogen.dir/ParseCache.txt",
	"QT_MOC_EXECUTABLE" : "F:/DevelopmentKitQT_MSVC/5.15.17/msvc2019/bin/moc.exe",
	"QT_UIC_EXECUTABLE" : "F:/DevelopmentKitQT_MSVC/5.15.17/msvc2019/bin/uic.exe",
	"QT_VERSION_MAJOR" : 5,
	"QT_VERSION_MINOR" : 15,
	"SETTINGS_FILE" : "F:/CODE/GIThub/C_plus_plus/StringNumber/cmake-build-release-visual-studio-32/CMakeFiles/StringNumber_autogen.dir/AutogenUsed.txt",
	"SOURCES" : 
	[
		[ "F:/CODE/GIThub/C_plus_plus/StringNumber/main.cpp", "MU", null ],
		[ "F:/CODE/GIThub/C_plus_plus/StringNumber/ui/convert.cpp", "MU", null ]
	],
	"UIC_OPTIONS" : [],
	"UIC_SEARCH_PATHS" : [],
	"UIC_SKIP" : [],
	"UIC_UI_FILES" : [],
	"VERBOSITY" : 0
}
