{
	"BUILD_DIR" : "F:/CODE/GIThub/C_plus_plus/StringNumber/cmake-build-debug/StringNumber_autogen",
	"CMAKE_BINARY_DIR" : "F:/CODE/GIThub/C_plus_plus/StringNumber/cmake-build-debug",
	"CMAKE_CURRENT_BINARY_DIR" : "F:/CODE/GIThub/C_plus_plus/StringNumber/cmake-build-debug",
	"CMAKE_CURRENT_SOURCE_DIR" : "F:/CODE/GIThub/C_plus_plus/StringNumber",
	"CMAKE_EXECUTABLE" : "F:/Jetbrain/CLion/bin/cmake/win/x64/bin/cmake.exe",
	"CMAKE_LIST_FILES" : 
	[
		"F:/CODE/GIThub/C_plus_plus/StringNumber/CMakeLists.txt",
		"F:/CODE/GIThub/C_plus_plus/StringNumber/cmake-build-debug/CMakeFiles/3.28.1/CMakeSystem.cmake",
		"F:/Jetbrain/CLion/bin/cmake/win/x64/share/cmake-3.28/Modules/CMakeSystemSpecificInitialize.cmake",
		"F:/Jetbrain/CLion/bin/cmake/win/x64/share/cmake-3.28/Modules/Platform/Windows-Initialize.cmake",
		"F:/CODE/GIThub/C_plus_plus/StringNumber/cmake-build-debug/CMakeFiles/3.28.1/CMakeCCompiler.cmake",
		"F:/CODE/GIThub/C_plus_plus/StringNumber/cmake-build-debug/CMakeFiles/3.28.1/CMakeCXXCompiler.cmake",
		"F:/Jetbrain/CLion/bin/cmake/win/x64/share/cmake-3.28/Modules/CMakeSystemSpecificInformation.cmake",
		"F:/Jetbrain/CLion/bin/cmake/win/x64/share/cmake-3.28/Modules/CMakeGenericSystem.cmake",
		"F:/Jetbrain/CLion/bin/cmake/win/x64/share/cmake-3.28/Modules/CMakeInitializeConfigs.cmake",
		"F:/Jetbrain/CLion/bin/cmake/win/x64/share/cmake-3.28/Modules/Platform/Windows.cmake",
		"F:/Jetbrain/CLion/bin/cmake/win/x64/share/cmake-3.28/Modules/Platform/WindowsPaths.cmake",
		"F:/Jetbrain/CLion/bin/cmake/win/x64/share/cmake-3.28/Modules/CMakeCInformation.cmake",
		"F:/Jetbrain/CLion/bin/cmake/win/x64/share/cmake-3.28/Modules/CMakeLanguageInformation.cmake",
		"F:/Jetbrain/CLion/bin/cmake/win/x64/share/cmake-3.28/Modules/Compiler/GNU-C.cmake",
		"F:/Jetbrain/CLion/bin/cmake/win/x64/share/cmake-3.28/Modules/Compiler/GNU.cmake",
		"F:/Jetbrain/CLion/bin/cmake/win/x64/share/cmake-3.28/Modules/Compiler/CMakeCommonCompilerMacros.cmake",
		"F:/Jetbrain/CLion/bin/cmake/win/x64/share/cmake-3.28/Modules/Platform/Windows-GNU-C.cmake",
		"F:/Jetbrain/CLion/bin/cmake/win/x64/share/cmake-3.28/Modules/Platform/Windows-GNU.cmake",
		"F:/CODE/GIThub/C_plus_plus/StringNumber/cmake-build-debug/CMakeFiles/3.28.1/CMakeRCCompiler.cmake",
		"F:/Jetbrain/CLion/bin/cmake/win/x64/share/cmake-3.28/Modules/CMakeRCInformation.cmake",
		"F:/Jetbrain/CLion/bin/cmake/win/x64/share/cmake-3.28/Modules/Platform/Windows-windres.cmake",
		"F:/Jetbrain/CLion/bin/cmake/win/x64/share/cmake-3.28/Modules/Platform/Windows-GNU-C-ABI.cmake",
		"F:/Jetbrain/CLion/bin/cmake/win/x64/share/cmake-3.28/Modules/CMakeCommonLanguageInclude.cmake",
		"F:/Jetbrain/CLion/bin/cmake/win/x64/share/cmake-3.28/Modules/CMakeCXXInformation.cmake",
		"F:/Jetbrain/CLion/bin/cmake/win/x64/share/cmake-3.28/Modules/CMakeLanguageInformation.cmake",
		"F:/Jetbrain/CLion/bin/cmake/win/x64/share/cmake-3.28/Modules/Compiler/GNU-CXX.cmake",
		"F:/Jetbrain/CLion/bin/cmake/win/x64/share/cmake-3.28/Modules/Compiler/GNU.cmake",
		"F:/Jetbrain/CLion/bin/cmake/win/x64/share/cmake-3.28/Modules/Platform/Windows-GNU-CXX.cmake",
		"F:/Jetbrain/CLion/bin/cmake/win/x64/share/cmake-3.28/Modules/Platform/Windows-GNU.cmake",
		"F:/Jetbrain/CLion/bin/cmake/win/x64/share/cmake-3.28/Modules/Platform/Windows-GNU-CXX-ABI.cmake",
		"F:/Jetbrain/CLion/bin/cmake/win/x64/share/cmake-3.28/Modules/CMakeCommonLanguageInclude.cmake",
		"F:/DevelopmentKitQT_MSVC/5.15.17/msvc2019/lib/cmake/Qt5/Qt5ConfigVersion.cmake",
		"F:/DevelopmentKitQT_MSVC/5.15.17/msvc2019/lib/cmake/Qt5/Qt5Config.cmake",
		"F:/DevelopmentKitQT_MSVC/5.15.17/msvc2019/lib/cmake/Qt5/Qt5ModuleLocation.cmake",
		"F:/DevelopmentKitQT_MSVC/5.15.17/msvc2019/lib/cmake/Qt5Core/Qt5CoreConfigVersion.cmake",
		"F:/DevelopmentKitQT_MSVC/5.15.17/msvc2019/lib/cmake/Qt5Core/Qt5CoreConfig.cmake",
		"F:/DevelopmentKitQT_MSVC/5.15.17/msvc2019/lib/cmake/Qt5Core/Qt5CoreConfigExtras.cmake",
		"F:/DevelopmentKitQT_MSVC/5.15.17/msvc2019/lib/cmake/Qt5Core/Qt5CoreConfigExtrasMkspecDir.cmake",
		"F:/DevelopmentKitQT_MSVC/5.15.17/msvc2019/lib/cmake/Qt5Core/Qt5CoreMacros.cmake",
		"F:/Jetbrain/CLion/bin/cmake/win/x64/share/cmake-3.28/Modules/CMakeParseArguments.cmake",
		"F:/DevelopmentKitQT_MSVC/5.15.17/msvc2019/lib/cmake/Qt5Gui/Qt5GuiConfigVersion.cmake",
		"F:/DevelopmentKitQT_MSVC/5.15.17/msvc2019/lib/cmake/Qt5Gui/Qt5GuiConfig.cmake",
		"F:/DevelopmentKitQT_MSVC/5.15.17/msvc2019/lib/cmake/Qt5Gui/Qt5Gui_QGifPlugin.cmake",
		"F:/DevelopmentKitQT_MSVC/5.15.17/msvc2019/lib/cmake/Qt5Gui/Qt5Gui_QICNSPlugin.cmake",
		"F:/DevelopmentKitQT_MSVC/5.15.17/msvc2019/lib/cmake/Qt5Gui/Qt5Gui_QICOPlugin.cmake",
		"F:/DevelopmentKitQT_MSVC/5.15.17/msvc2019/lib/cmake/Qt5Gui/Qt5Gui_QJpegPlugin.cmake",
		"F:/DevelopmentKitQT_MSVC/5.15.17/msvc2019/lib/cmake/Qt5Gui/Qt5Gui_QMinimalIntegrationPlugin.cmake",
		"F:/DevelopmentKitQT_MSVC/5.15.17/msvc2019/lib/cmake/Qt5Gui/Qt5Gui_QOffscreenIntegrationPlugin.cmake",
		"F:/DevelopmentKitQT_MSVC/5.15.17/msvc2019/lib/cmake/Qt5Gui/Qt5Gui_QSvgIconPlugin.cmake",
		"F:/DevelopmentKitQT_MSVC/5.15.17/msvc2019/lib/cmake/Qt5Gui/Qt5Gui_QSvgPlugin.cmake",
		"F:/DevelopmentKitQT_MSVC/5.15.17/msvc2019/lib/cmake/Qt5Gui/Qt5Gui_QTgaPlugin.cmake",
		"F:/DevelopmentKitQT_MSVC/5.15.17/msvc2019/lib/cmake/Qt5Gui/Qt5Gui_QTiffPlugin.cmake",
		"F:/DevelopmentKitQT_MSVC/5.15.17/msvc2019/lib/cmake/Qt5Gui/Qt5Gui_QTuioTouchPlugin.cmake",
		"F:/DevelopmentKitQT_MSVC/5.15.17/msvc2019/lib/cmake/Qt5Gui/Qt5Gui_QWbmpPlugin.cmake",
		"F:/DevelopmentKitQT_MSVC/5.15.17/msvc2019/lib/cmake/Qt5Gui/Qt5Gui_QWebpPlugin.cmake",
		"F:/DevelopmentKitQT_MSVC/5.15.17/msvc2019/lib/cmake/Qt5Gui/Qt5Gui_QWindowsDirect2DIntegrationPlugin.cmake",
		"F:/DevelopmentKitQT_MSVC/5.15.17/msvc2019/lib/cmake/Qt5Gui/Qt5Gui_QWindowsIntegrationPlugin.cmake",
		"F:/DevelopmentKitQT_MSVC/5.15.17/msvc2019/lib/cmake/Qt5Gui/Qt5Gui_QXdgDesktopPortalThemePlugin.cmake",
		"F:/DevelopmentKitQT_MSVC/5.15.17/msvc2019/lib/cmake/Qt5Gui/Qt5GuiConfigExtras.cmake",
		"F:/DevelopmentKitQT_MSVC/5.15.17/msvc2019/lib/cmake/Qt5Widgets/Qt5WidgetsConfigVersion.cmake",
		"F:/DevelopmentKitQT_MSVC/5.15.17/msvc2019/lib/cmake/Qt5Widgets/Qt5WidgetsConfig.cmake",
		"F:/DevelopmentKitQT_MSVC/5.15.17/msvc2019/lib/cmake/Qt5Widgets/Qt5Widgets_QWindowsVistaStylePlugin.cmake",
		"F:/DevelopmentKitQT_MSVC/5.15.17/msvc2019/lib/cmake/Qt5Widgets/Qt5WidgetsConfigExtras.cmake",
		"F:/DevelopmentKitQT_MSVC/5.15.17/msvc2019/lib/cmake/Qt5Widgets/Qt5WidgetsMacros.cmake",
		"F:/Jetbrain/CLion/bin/cmake/win/x64/share/cmake-3.28/Modules/CMakeParseArguments.cmake"
	],
	"CMAKE_SOURCE_DIR" : "F:/CODE/GIThub/C_plus_plus/StringNumber",
	"DEP_FILE" : "F:/CODE/GIThub/C_plus_plus/StringNumber/cmake-build-debug/StringNumber_autogen/deps",
	"DEP_FILE_RULE_NAME" : "StringNumber_autogen/timestamp",
	"HEADERS" : 
	[
		[
			"F:/CODE/GIThub/C_plus_plus/StringNumber/ui/convert.h",
			"MU",
			"UYX5XTB5RZ/moc_convert.cpp",
			null
		]
	],
	"HEADER_EXTENSIONS" : [ "h", "hh", "h++", "hm", "hpp", "hxx", "in", "txx" ],
	"INCLUDE_DIR" : "F:/CODE/GIThub/C_plus_plus/StringNumber/cmake-build-debug/StringNumber_autogen/include",
	"MOC_COMPILATION_FILE" : "F:/CODE/GIThub/C_plus_plus/StringNumber/cmake-build-debug/StringNumber_autogen/mocs_compilation.cpp",
	"MOC_DEFINITIONS" : [ "QT_CORE_LIB", "QT_GUI_LIB", "QT_WIDGETS_LIB" ],
	"MOC_DEPEND_FILTERS" : 
	[
		[
			"Q_PLUGIN_METADATA",
			"[\n][ \t]*Q_PLUGIN_METADATA[ \t]*\\([^\\)]*FILE[ \t]*\"([^\"]+)\""
		]
	],
	"MOC_INCLUDES" : 
	[
		"F:/DevelopmentKitQT_MSVC/5.15.17/msvc2019/include",
		"F:/DevelopmentKitQT_MSVC/5.15.17/msvc2019/include/QtCore",
		"F:/DevelopmentKitQT_MSVC/5.15.17/msvc2019/mkspecs/win32-msvc",
		"F:/DevelopmentKitQT_MSVC/5.15.17/msvc2019/include/QtGui",
		"F:/DevelopmentKitQT_MSVC/5.15.17/msvc2019/include/QtANGLE",
		"F:/DevelopmentKitQT_MSVC/5.15.17/msvc2019/include/QtWidgets",
		"F:/Jetbrain/CLion/bin/mingw/lib/gcc/x86_64-w64-mingw32/13.1.0/include/c++",
		"F:/Jetbrain/CLion/bin/mingw/lib/gcc/x86_64-w64-mingw32/13.1.0/include/c++/x86_64-w64-mingw32",
		"F:/Jetbrain/CLion/bin/mingw/lib/gcc/x86_64-w64-mingw32/13.1.0/include/c++/backward",
		"F:/Jetbrain/CLion/bin/mingw/lib/gcc/x86_64-w64-mingw32/13.1.0/include",
		"F:/Jetbrain/CLion/bin/mingw/include",
		"F:/Jetbrain/CLion/bin/mingw/lib/gcc/x86_64-w64-mingw32/13.1.0/include-fixed",
		"F:/Jetbrain/CLion/bin/mingw/x86_64-w64-mingw32/include"
	],
	"MOC_MACRO_NAMES" : [ "Q_OBJECT", "Q_GADGET", "Q_NAMESPACE", "Q_NAMESPACE_EXPORT" ],
	"MOC_OPTIONS" : [],
	"MOC_PATH_PREFIX" : false,
	"MOC_PREDEFS_CMD" : 
	[
		"F:/Jetbrain/CLion/bin/mingw/bin/g++.exe",
		"-std=gnu++20",
		"-dM",
		"-E",
		"-c",
		"F:/Jetbrain/CLion/bin/cmake/win/x64/share/cmake-3.28/Modules/CMakeCXXCompilerABI.cpp"
	],
	"MOC_PREDEFS_FILE" : "F:/CODE/GIThub/C_plus_plus/StringNumber/cmake-build-debug/StringNumber_autogen/moc_predefs.h",
	"MOC_RELAXED_MODE" : false,
	"MOC_SKIP" : [],
	"MULTI_CONFIG" : false,
	"PARALLEL" : 8,
	"PARSE_CACHE_FILE" : "F:/CODE/GIThub/C_plus_plus/StringNumber/cmake-build-debug/CMakeFiles/StringNumber_autogen.dir/ParseCache.txt",
	"QT_MOC_EXECUTABLE" : "F:/DevelopmentKitQT_MSVC/5.15.17/msvc2019/bin/moc.exe",
	"QT_UIC_EXECUTABLE" : "F:/DevelopmentKitQT_MSVC/5.15.17/msvc2019/bin/uic.exe",
	"QT_VERSION_MAJOR" : 5,
	"QT_VERSION_MINOR" : 15,
	"SETTINGS_FILE" : "F:/CODE/GIThub/C_plus_plus/StringNumber/cmake-build-debug/CMakeFiles/StringNumber_autogen.dir/AutogenUsed.txt",
	"SOURCES" : 
	[
		[ "F:/CODE/GIThub/C_plus_plus/StringNumber/main.cpp", "MU", null ],
		[ "F:/CODE/GIThub/C_plus_plus/StringNumber/ui/convert.cpp", "MU", null ]
	],
	"UIC_OPTIONS" : [],
	"UIC_SEARCH_PATHS" : [],
	"UIC_SKIP" : [],
	"UIC_UI_FILES" : [],
	"VERBOSITY" : 0
}
